====================================================================================================
ZONE SCANNER - TRADING OPPORTUNITY REPORT (LIVE)
Started: 2026-09-11 06:14:32
====================================================================================================

Total Stocks to Scan: 541
Status: SCANNING...

====================================================================================================
SETUPS FOUND SO FAR:
====================================================================================================

1. A
----------------------------------------------------------------------------------------------------
Current Price: $150.24 | ATR: $3.82
BUY ZONE: $132.15 - $135.37 | Distance: $14.87 (389% ATR)
SELL ZONE: $145.97 - $151.59 | Distance: $0.00
R:R RATIO: 1:-0.24 | SL: $18.09 | PT: $-4.27


2. AAPL
----------------------------------------------------------------------------------------------------
Current Price: $326.54 | ATR: $9.28
BUY ZONE: $309.90 - $320.70 | Distance: $5.84 (63% ATR)
SELL ZONE: $314.90 - $328.93 | Distance: $0.00
R:R RATIO: 1:-0.70 | SL: $16.64 | PT: $-11.64

20. ARM
----------------------------------------------------------------------------------------------------
Current Price: $288.99 | ATR: $23.55
BUY ZONE: $244.07 - $255.69 | Distance: $33.30 (141% ATR)
SELL ZONE: $247.60 - $287.15 | Distance: $1.84
R:R RATIO: 1:-0.92 | SL: $44.92 | PT: $-41.39

3. ABT
----------------------------------------------------------------------------------------------------
Current Price: $109.49 | ATR: $2.76
BUY ZONE: $87.64 - $89.88 | Distance: $19.61 (712% ATR)
SELL ZONE: $104.78 - $108.39 | Distance: $1.10
R:R RATIO: 1:-0.22 | SL: $21.85 | PT: $-4.71

4. ACGL
----------------------------------------------------------------------------------------------------
Current Price: $100.99 | ATR: $2.34
BUY ZONE: $90.91 - $92.81 | Distance: $8.18 (349% ATR)
SELL ZONE: $97.87 - $100.51 | Distance: $0.48
R:R RATIO: 1:-0.31 | SL: $10.08 | PT: $-3.12

21. AVGO
----------------------------------------------------------------------------------------------------
Current Price: $378.04 | ATR: $15.96
BUY ZONE: $353.70 - $360.16 | Distance: $17.88 (112% ATR)
SELL ZONE: $353.70 - $372.70 | Distance: $5.34
R:R RATIO: 1:-1.00 | SL: $24.34 | PT: $-24.34

5. ACN
----------------------------------------------------------------------------------------------------
Current Price: $185.85 | ATR: $8.37
BUY ZONE: $169.75 - $175.52 | Distance: $10.33 (123% ATR)
SELL ZONE: $177.04 - $192.17 | Distance: $0.00
R:R RATIO: 1:-0.55 | SL: $16.10 | PT: $-8.81

22. AVY
----------------------------------------------------------------------------------------------------
Current Price: $191.13 | ATR: $5.36
BUY ZONE: $166.85 - $171.57 | Distance: $19.56 (365% ATR)
SELL ZONE: $171.07 - $177.46 | Distance: $13.67
R:R RATIO: 1:-0.83 | SL: $24.28 | PT: $-20.06

6. ADBE
----------------------------------------------------------------------------------------------------
Current Price: $240.77 | ATR: $12.77
BUY ZONE: $245.46 - $261.00 | Distance: $4.69 (37% ATR)
SELL ZONE: $254.25 - $262.81 | Distance: $13.48
R:R RATIO: 1:0.00 | SL: $-4.69 | PT: $13.48

7. ADSK
----------------------------------------------------------------------------------------------------
Current Price: $224.30 | ATR: $9.83
BUY ZONE: $206.33 - $235.88 | Distance: $0.00 (0% ATR)
SELL ZONE: $208.09 - $232.13 | Distance: $0.00
R:R RATIO: 1:-0.90 | SL: $17.97 | PT: $-16.21

23. BALL
----------------------------------------------------------------------------------------------------
Current Price: $64.34 | ATR: $1.57
BUY ZONE: $57.08 - $58.37 | Distance: $5.97 (380% ATR)
SELL ZONE: $60.09 - $62.18 | Distance: $2.16
R:R RATIO: 1:-0.59 | SL: $7.26 | PT: $-4.25

8. AEP
----------------------------------------------------------------------------------------------------
Current Price: $129.72 | ATR: $2.69
BUY ZONE: $121.50 - $122.69 | Distance: $7.03 (262% ATR)
SELL ZONE: $125.23 - $127.54 | Distance: $2.18
R:R RATIO: 1:-0.55 | SL: $8.22 | PT: $-4.49

24. BAX
----------------------------------------------------------------------------------------------------
Current Price: $25.82 | ATR: $1.31
BUY ZONE: $23.39 - $24.75 | Distance: $1.07 (82% ATR)
SELL ZONE: $25.17 - $26.56 | Distance: $0.00
R:R RATIO: 1:-0.27 | SL: $2.43 | PT: $-0.65

25. BBY
----------------------------------------------------------------------------------------------------
Current Price: $92.55 | ATR: $2.83
BUY ZONE: $82.76 - $88.44 | Distance: $4.11 (145% ATR)
SELL ZONE: $87.90 - $90.82 | Distance: $1.73
R:R RATIO: 1:-0.47 | SL: $9.79 | PT: $-4.65

26. BDX
----------------------------------------------------------------------------------------------------
Current Price: $185.75 | ATR: $4.09
BUY ZONE: $168.01 - $170.91 | Distance: $14.84 (363% ATR)
SELL ZONE: $184.91 - $191.75 | Distance: $0.00
R:R RATIO: 1:-0.05 | SL: $17.74 | PT: $-0.84

27. BG
----------------------------------------------------------------------------------------------------
Current Price: $131.86 | ATR: $3.73
BUY ZONE: $118.00 - $120.10 | Distance: $11.76 (316% ATR)
SELL ZONE: $124.14 - $129.43 | Distance: $2.43
R:R RATIO: 1:-0.56 | SL: $13.86 | PT: $-7.72

28. BIIB
----------------------------------------------------------------------------------------------------
Current Price: $223.65 | ATR: $5.94
BUY ZONE: $199.58 - $203.85 | Distance: $19.80 (333% ATR)
SELL ZONE: $221.23 - $225.80 | Distance: $0.00
R:R RATIO: 1:-0.10 | SL: $24.07 | PT: $-2.42

29. BKNG
----------------------------------------------------------------------------------------------------
Current Price: $184.38 | ATR: $8.09
BUY ZONE: $170.12 - $179.53 | Distance: $4.85 (60% ATR)
SELL ZONE: $192.19 - $203.26 | Distance: $7.81
R:R RATIO: 1:0.55 | SL: $14.26 | PT: $7.81

30. BLK
----------------------------------------------------------------------------------------------------
Current Price: $1125.14 | ATR: $24.11
BUY ZONE: $1033.49 - $1069.99 | Distance: $55.15 (229% ATR)
SELL ZONE: $1071.19 - $1113.03 | Distance: $12.11
R:R RATIO: 1:-0.59 | SL: $91.65 | PT: $-53.95

31. BNY
----------------------------------------------------------------------------------------------------
Current Price: $173.25 | ATR: $2.58
BUY ZONE: $157.15 - $161.01 | Distance: $12.24 (475% ATR)
SELL ZONE: $163.58 - $165.84 | Distance: $7.41
R:R RATIO: 1:-0.60 | SL: $16.10 | PT: $-9.67

32. BR
----------------------------------------------------------------------------------------------------
Current Price: $186.98 | ATR: $6.22
BUY ZONE: $164.70 - $169.03 | Distance: $17.95 (289% ATR)
SELL ZONE: $180.85 - $185.67 | Distance: $1.31
R:R RATIO: 1:-0.28 | SL: $22.28 | PT: $-6.13

33. BRO
----------------------------------------------------------------------------------------------------
Current Price: $71.30 | ATR: $2.42
BUY ZONE: $64.82 - $65.81 | Distance: $5.49 (227% ATR)
SELL ZONE: $66.36 - $70.03 | Distance: $1.27
R:R RATIO: 1:-0.76 | SL: $6.48 | PT: $-4.94

34. BSX
----------------------------------------------------------------------------------------------------
Current Price: $45.18 | ATR: $1.81
BUY ZONE: $42.50 - $43.69 | Distance: $1.49 (82% ATR)
SELL ZONE: $44.85 - $47.45 | Distance: $0.00
R:R RATIO: 1:-0.12 | SL: $2.68 | PT: $-0.33

35. C
----------------------------------------------------------------------------------------------------
Current Price: $145.43 | ATR: $3.36
BUY ZONE: $129.61 - $132.25 | Distance: $13.18 (392% ATR)
SELL ZONE: $131.77 - $144.28 | Distance: $1.15
R:R RATIO: 1:-0.86 | SL: $15.82 | PT: $-13.66

36. CAT
----------------------------------------------------------------------------------------------------
Current Price: $838.66 | ATR: $39.83
BUY ZONE: $781.49 - $803.92 | Distance: $34.74 (87% ATR)
SELL ZONE: $817.09 - $830.50 | Distance: $8.16
R:R RATIO: 1:-0.38 | SL: $57.17 | PT: $-21.57

37. CB
----------------------------------------------------------------------------------------------------
Current Price: $358.47 | ATR: $7.58
BUY ZONE: $322.00 - $330.03 | Distance: $28.44 (375% ATR)
SELL ZONE: $333.63 - $347.68 | Distance: $10.79
R:R RATIO: 1:-0.68 | SL: $36.47 | PT: $-24.84

38. CBOE
----------------------------------------------------------------------------------------------------
Current Price: $300.72 | ATR: $11.04
BUY ZONE: $273.36 - $297.20 | Distance: $3.52 (32% ATR)
SELL ZONE: $288.31 - $309.18 | Distance: $0.00
R:R RATIO: 1:-0.45 | SL: $27.36 | PT: $-12.41

39. CBRE
----------------------------------------------------------------------------------------------------
Current Price: $157.00 | ATR: $4.42
BUY ZONE: $134.17 - $136.57 | Distance: $20.43 (462% ATR)
SELL ZONE: $139.68 - $146.45 | Distance: $10.55
R:R RATIO: 1:-0.76 | SL: $22.83 | PT: $-17.32

40. CCI
----------------------------------------------------------------------------------------------------
Current Price: $78.47 | ATR: $3.06
BUY ZONE: $69.72 - $76.47 | Distance: $2.00 (65% ATR)
SELL ZONE: $74.84 - $79.15 | Distance: $0.00
R:R RATIO: 1:-0.41 | SL: $8.75 | PT: $-3.63

41. CDNS
----------------------------------------------------------------------------------------------------
Current Price: $302.38 | ATR: $12.76
BUY ZONE: $281.65 - $287.76 | Distance: $14.62 (115% ATR)
SELL ZONE: $302.36 - $313.21 | Distance: $0.00
R:R RATIO: 1:-0.00 | SL: $20.73 | PT: $-0.02

42. CEG
----------------------------------------------------------------------------------------------------
Current Price: $305.55 | ATR: $10.52
BUY ZONE: $277.88 - $296.62 | Distance: $8.93 (85% ATR)
SELL ZONE: $292.75 - $305.80 | Distance: $0.00
R:R RATIO: 1:-0.46 | SL: $27.67 | PT: $-12.80

43. CFG
----------------------------------------------------------------------------------------------------
Current Price: $74.54 | ATR: $1.40
BUY ZONE: $67.67 - $69.67 | Distance: $4.87 (347% ATR)
SELL ZONE: $69.01 - $71.18 | Distance: $3.36
R:R RATIO: 1:-0.80 | SL: $6.87 | PT: $-5.53

44. CHRW
----------------------------------------------------------------------------------------------------
Current Price: $164.17 | ATR: $8.98
BUY ZONE: $144.02 - $148.05 | Distance: $16.12 (180% ATR)
SELL ZONE: $152.85 - $157.67 | Distance: $6.50
R:R RATIO: 1:-0.56 | SL: $20.15 | PT: $-11.32

45. CHTR
----------------------------------------------------------------------------------------------------
Current Price: $146.43 | ATR: $7.64
BUY ZONE: $133.33 - $153.66 | Distance: $0.00 (0% ATR)
SELL ZONE: $149.47 - $160.70 | Distance: $3.04
R:R RATIO: 1:0.23 | SL: $13.10 | PT: $3.04

46. CI
----------------------------------------------------------------------------------------------------
Current Price: $294.90 | ATR: $8.74
BUY ZONE: $270.91 - $280.32 | Distance: $14.58 (167% ATR)
SELL ZONE: $281.63 - $286.53 | Distance: $8.37
R:R RATIO: 1:-0.55 | SL: $23.99 | PT: $-13.27

47. CIEN
----------------------------------------------------------------------------------------------------
Current Price: $357.05 | ATR: $28.48
BUY ZONE: $311.60 - $328.85 | Distance: $28.20 (99% ATR)
SELL ZONE: $348.86 - $381.60 | Distance: $0.00
R:R RATIO: 1:-0.18 | SL: $45.45 | PT: $-8.19

48. CINF
----------------------------------------------------------------------------------------------------
Current Price: $183.37 | ATR: $3.87
BUY ZONE: $167.44 - $170.92 | Distance: $12.45 (321% ATR)
SELL ZONE: $167.44 - $175.08 | Distance: $8.29
R:R RATIO: 1:-1.00 | SL: $15.93 | PT: $-15.93

49. CMCSA
----------------------------------------------------------------------------------------------------
Current Price: $26.55 | ATR: $0.93
BUY ZONE: $24.14 - $24.89 | Distance: $1.66 (178% ATR)
SELL ZONE: $25.96 - $27.13 | Distance: $0.00
R:R RATIO: 1:-0.24 | SL: $2.41 | PT: $-0.59

50. CME
----------------------------------------------------------------------------------------------------
Current Price: $290.20 | ATR: $6.68
BUY ZONE: $271.64 - $275.50 | Distance: $14.70 (220% ATR)
SELL ZONE: $274.01 - $281.00 | Distance: $9.20
R:R RATIO: 1:-0.87 | SL: $18.56 | PT: $-16.19

51. CNP
----------------------------------------------------------------------------------------------------
Current Price: $42.67 | ATR: $1.00
BUY ZONE: $38.45 - $39.25 | Distance: $3.42 (341% ATR)
SELL ZONE: $39.55 - $40.36 | Distance: $2.31
R:R RATIO: 1:-0.74 | SL: $4.22 | PT: $-3.12

52. COHR
----------------------------------------------------------------------------------------------------
Current Price: $312.57 | ATR: $33.79
BUY ZONE: $220.68 - $281.99 | Distance: $30.58 (91% ATR)
SELL ZONE: $301.86 - $315.70 | Distance: $0.00
R:R RATIO: 1:-0.12 | SL: $91.89 | PT: $-10.71

53. COIN
----------------------------------------------------------------------------------------------------
Current Price: $179.97 | ATR: $10.24
BUY ZONE: $165.74 - $174.78 | Distance: $5.19 (51% ATR)
SELL ZONE: $182.87 - $195.85 | Distance: $2.90
R:R RATIO: 1:0.20 | SL: $14.23 | PT: $2.90

54. COR
----------------------------------------------------------------------------------------------------
Current Price: $338.60 | ATR: $8.28
BUY ZONE: $312.61 - $322.50 | Distance: $16.10 (194% ATR)
SELL ZONE: $321.92 - $330.00 | Distance: $8.60
R:R RATIO: 1:-0.64 | SL: $25.99 | PT: $-16.68

55. CPAY
----------------------------------------------------------------------------------------------------
Current Price: $450.03 | ATR: $10.69
BUY ZONE: $403.26 - $411.53 | Distance: $38.50 (360% ATR)
SELL ZONE: $410.99 - $427.46 | Distance: $22.57
R:R RATIO: 1:-0.83 | SL: $46.77 | PT: $-39.04

56. CPRT
----------------------------------------------------------------------------------------------------
Current Price: $33.21 | ATR: $1.02
BUY ZONE: $28.55 - $29.08 | Distance: $4.13 (407% ATR)
SELL ZONE: $31.74 - $33.53 | Distance: $0.00
R:R RATIO: 1:-0.32 | SL: $4.66 | PT: $-1.47

57. CRL
----------------------------------------------------------------------------------------------------
Current Price: $304.50 | ATR: $10.23
BUY ZONE: $271.83 - $282.39 | Distance: $22.11 (216% ATR)
SELL ZONE: $275.00 - $285.94 | Distance: $18.56
R:R RATIO: 1:-0.90 | SL: $32.67 | PT: $-29.50

58. CRM
----------------------------------------------------------------------------------------------------
Current Price: $256.67 | ATR: $8.94
BUY ZONE: $189.91 - $195.32 | Distance: $61.35 (686% ATR)
SELL ZONE: $245.89 - $263.60 | Distance: $0.00
R:R RATIO: 1:-0.16 | SL: $66.76 | PT: $-10.78

59. CRWD
----------------------------------------------------------------------------------------------------
Current Price: $209.89 | ATR: $8.67
BUY ZONE: $200.60 - $215.10 | Distance: $0.00 (0% ATR)
SELL ZONE: $205.40 - $218.31 | Distance: $0.00
R:R RATIO: 1:-0.48 | SL: $9.29 | PT: $-4.49

60. CRWV
----------------------------------------------------------------------------------------------------
Current Price: $92.68 | ATR: $7.69
BUY ZONE: $84.85 - $89.63 | Distance: $3.05 (40% ATR)
SELL ZONE: $94.61 - $104.59 | Distance: $1.93
R:R RATIO: 1:0.25 | SL: $7.83 | PT: $1.93

61. CSGP
----------------------------------------------------------------------------------------------------
Current Price: $31.04 | ATR: $1.62
BUY ZONE: $28.13 - $30.45 | Distance: $0.59 (36% ATR)
SELL ZONE: $31.72 - $33.63 | Distance: $0.68
R:R RATIO: 1:0.23 | SL: $2.91 | PT: $0.68

62. CSX
----------------------------------------------------------------------------------------------------
Current Price: $51.37 | ATR: $1.19
BUY ZONE: $47.83 - $48.85 | Distance: $2.52 (212% ATR)
SELL ZONE: $48.98 - $49.68 | Distance: $1.69
R:R RATIO: 1:-0.68 | SL: $3.54 | PT: $-2.39

63. CTAS
----------------------------------------------------------------------------------------------------
Current Price: $212.18 | ATR: $4.77
BUY ZONE: $196.50 - $201.31 | Distance: $10.87 (228% ATR)
SELL ZONE: $197.29 - $201.38 | Distance: $10.80
R:R RATIO: 1:-0.95 | SL: $15.68 | PT: $-14.89

64. CTSH
----------------------------------------------------------------------------------------------------
Current Price: $61.07 | ATR: $2.87
BUY ZONE: $56.55 - $58.84 | Distance: $2.23 (78% ATR)
SELL ZONE: $58.08 - $62.38 | Distance: $0.00
R:R RATIO: 1:-0.66 | SL: $4.52 | PT: $-2.99

65. CTVA
----------------------------------------------------------------------------------------------------
Current Price: $94.50 | ATR: $2.64
BUY ZONE: $81.27 - $84.20 | Distance: $10.30 (390% ATR)
SELL ZONE: $84.64 - $89.13 | Distance: $5.37
R:R RATIO: 1:-0.75 | SL: $13.23 | PT: $-9.86

66. CVNA
----------------------------------------------------------------------------------------------------
Current Price: $74.70 | ATR: $3.86
BUY ZONE: $69.19 - $72.77 | Distance: $1.93 (50% ATR)
SELL ZONE: $71.94 - $76.44 | Distance: $0.00
R:R RATIO: 1:-0.50 | SL: $5.51 | PT: $-2.76

67. DAL
----------------------------------------------------------------------------------------------------
Current Price: $81.87 | ATR: $2.54
BUY ZONE: $75.99 - $79.15 | Distance: $2.72 (107% ATR)
SELL ZONE: $77.77 - $82.31 | Distance: $0.00
R:R RATIO: 1:-0.70 | SL: $5.88 | PT: $-4.10

68. DASH
----------------------------------------------------------------------------------------------------
Current Price: $210.23 | ATR: $8.23
BUY ZONE: $185.55 - $199.89 | Distance: $10.34 (126% ATR)
SELL ZONE: $199.67 - $222.05 | Distance: $0.00
R:R RATIO: 1:-0.43 | SL: $24.68 | PT: $-10.56

69. DD
----------------------------------------------------------------------------------------------------
Current Price: $136.07 | ATR: $4.08
BUY ZONE: $44.93 - $46.88 | Distance: $89.19 (2186% ATR)
SELL ZONE: $130.30 - $132.39 | Distance: $3.68
R:R RATIO: 1:-0.06 | SL: $91.14 | PT: $-5.77

70. DE
----------------------------------------------------------------------------------------------------
Current Price: $712.95 | ATR: $16.98
BUY ZONE: $579.31 - $596.06 | Distance: $116.89 (688% ATR)
SELL ZONE: $685.48 - $705.88 | Distance: $7.07
R:R RATIO: 1:-0.21 | SL: $133.64 | PT: $-27.47

71. DG
----------------------------------------------------------------------------------------------------
Current Price: $130.80 | ATR: $3.65
BUY ZONE: $121.34 - $127.06 | Distance: $3.74 (103% ATR)
SELL ZONE: $124.09 - $132.75 | Distance: $0.00
R:R RATIO: 1:-0.71 | SL: $9.46 | PT: $-6.71

72. DGX
----------------------------------------------------------------------------------------------------
Current Price: $242.54 | ATR: $6.36
BUY ZONE: $192.83 - $195.16 | Distance: $47.38 (745% ATR)
SELL ZONE: $239.40 - $245.28 | Distance: $0.00
R:R RATIO: 1:-0.06 | SL: $49.71 | PT: $-3.14

73. DHR
----------------------------------------------------------------------------------------------------
Current Price: $229.53 | ATR: $8.91
BUY ZONE: $199.49 - $204.23 | Distance: $25.30 (284% ATR)
SELL ZONE: $208.21 - $220.67 | Distance: $8.86
R:R RATIO: 1:-0.71 | SL: $30.04 | PT: $-21.32

74. DIA
----------------------------------------------------------------------------------------------------
Current Price: $524.84 | ATR: $6.51
BUY ZONE: $514.82 - $521.98 | Distance: $2.86 (44% ATR)
SELL ZONE: $523.25 - $530.39 | Distance: $0.00
R:R RATIO: 1:-0.16 | SL: $10.02 | PT: $-1.59

75. DIS
----------------------------------------------------------------------------------------------------
Current Price: $111.25 | ATR: $2.44
BUY ZONE: $102.99 - $105.17 | Distance: $6.08 (249% ATR)
SELL ZONE: $103.71 - $109.20 | Distance: $2.05
R:R RATIO: 1:-0.91 | SL: $8.26 | PT: $-7.54

76. DLR
----------------------------------------------------------------------------------------------------
Current Price: $205.69 | ATR: $7.05
BUY ZONE: $179.74 - $183.82 | Distance: $21.87 (310% ATR)
SELL ZONE: $186.04 - $192.09 | Distance: $13.60
R:R RATIO: 1:-0.76 | SL: $25.95 | PT: $-19.65

77. DOC
----------------------------------------------------------------------------------------------------
Current Price: $21.58 | ATR: $0.50
BUY ZONE: $19.31 - $19.73 | Distance: $1.85 (372% ATR)
SELL ZONE: $20.45 - $21.15 | Distance: $0.43
R:R RATIO: 1:-0.50 | SL: $2.27 | PT: $-1.13

78. DOW
----------------------------------------------------------------------------------------------------
Current Price: $31.40 | ATR: $1.27
BUY ZONE: $28.23 - $30.77 | Distance: $0.63 (49% ATR)
SELL ZONE: $29.10 - $30.45 | Distance: $0.95
R:R RATIO: 1:-0.73 | SL: $3.17 | PT: $-2.30

79. DPZ
----------------------------------------------------------------------------------------------------
Current Price: $337.34 | ATR: $11.94
BUY ZONE: $315.68 - $323.59 | Distance: $13.75 (115% ATR)
SELL ZONE: $340.34 - $353.00 | Distance: $3.00
R:R RATIO: 1:0.14 | SL: $21.66 | PT: $3.00

80. DRI
----------------------------------------------------------------------------------------------------
Current Price: $237.32 | ATR: $4.83
BUY ZONE: $202.05 - $206.12 | Distance: $31.20 (646% ATR)
SELL ZONE: $209.02 - $217.00 | Distance: $20.32
R:R RATIO: 1:-0.80 | SL: $35.27 | PT: $-28.30

81. DXCM
----------------------------------------------------------------------------------------------------
Current Price: $88.99 | ATR: $3.19
BUY ZONE: $69.74 - $73.97 | Distance: $15.02 (471% ATR)
SELL ZONE: $91.03 - $92.59 | Distance: $2.04
R:R RATIO: 1:0.11 | SL: $19.25 | PT: $2.04

82. ECHO
----------------------------------------------------------------------------------------------------
Current Price: $98.13 | ATR: $4.37
BUY ZONE: $88.64 - $94.86 | Distance: $3.27 (75% ATR)
SELL ZONE: $89.22 - $96.03 | Distance: $2.10
R:R RATIO: 1:-0.94 | SL: $9.49 | PT: $-8.91

83. ECL
----------------------------------------------------------------------------------------------------
Current Price: $292.94 | ATR: $6.09
BUY ZONE: $255.09 - $271.15 | Distance: $21.79 (358% ATR)
SELL ZONE: $276.00 - $280.51 | Distance: $12.43
R:R RATIO: 1:-0.45 | SL: $37.85 | PT: $-16.94

84. ED
----------------------------------------------------------------------------------------------------
Current Price: $113.26 | ATR: $2.03
BUY ZONE: $106.12 - $108.28 | Distance: $4.98 (245% ATR)
SELL ZONE: $106.83 - $108.91 | Distance: $4.35
R:R RATIO: 1:-0.90 | SL: $7.14 | PT: $-6.43

85. EEM
----------------------------------------------------------------------------------------------------
Current Price: $70.04 | ATR: $1.43
BUY ZONE: $66.56 - $67.19 | Distance: $2.85 (200% ATR)
SELL ZONE: $68.72 - $69.12 | Distance: $0.92
R:R RATIO: 1:-0.38 | SL: $3.48 | PT: $-1.32

86. EFA
----------------------------------------------------------------------------------------------------
Current Price: $110.42 | ATR: $1.30
BUY ZONE: $104.60 - $106.32 | Distance: $4.10 (317% ATR)
SELL ZONE: $106.50 - $108.41 | Distance: $2.01
R:R RATIO: 1:-0.67 | SL: $5.82 | PT: $-3.92

87. EFX
----------------------------------------------------------------------------------------------------
Current Price: $185.70 | ATR: $8.38
BUY ZONE: $163.15 - $168.90 | Distance: $16.80 (200% ATR)
SELL ZONE: $166.65 - $179.87 | Distance: $5.83
R:R RATIO: 1:-0.84 | SL: $22.55 | PT: $-19.05

88. EG
----------------------------------------------------------------------------------------------------
Current Price: $399.09 | ATR: $8.52
BUY ZONE: $361.70 - $370.01 | Distance: $29.08 (341% ATR)
SELL ZONE: $380.20 - $388.02 | Distance: $11.07
R:R RATIO: 1:-0.51 | SL: $37.39 | PT: $-18.89

89. EIX
----------------------------------------------------------------------------------------------------
Current Price: $60.52 | ATR: $2.40
BUY ZONE: $55.54 - $56.83 | Distance: $3.69 (154% ATR)
SELL ZONE: $57.39 - $59.96 | Distance: $0.56
R:R RATIO: 1:-0.63 | SL: $4.98 | PT: $-3.13

90. EL
----------------------------------------------------------------------------------------------------
Current Price: $103.95 | ATR: $2.52
BUY ZONE: $94.42 - $99.81 | Distance: $4.14 (164% ATR)
SELL ZONE: $97.60 - $104.74 | Distance: $0.00
R:R RATIO: 1:-0.67 | SL: $9.53 | PT: $-6.35

91. EME
----------------------------------------------------------------------------------------------------
Current Price: $816.66 | ATR: $35.98
BUY ZONE: $668.82 - $839.99 | Distance: $0.00 (0% ATR)
SELL ZONE: $722.08 - $785.90 | Distance: $30.76
R:R RATIO: 1:-0.64 | SL: $147.84 | PT: $-94.58

92. EMR
----------------------------------------------------------------------------------------------------
Current Price: $158.55 | ATR: $4.97
BUY ZONE: $146.35 - $151.10 | Distance: $7.45 (150% ATR)
SELL ZONE: $151.70 - $153.95 | Distance: $4.60
R:R RATIO: 1:-0.56 | SL: $12.20 | PT: $-6.85

93. EOG
----------------------------------------------------------------------------------------------------
Current Price: $154.72 | ATR: $4.22
BUY ZONE: $140.48 - $143.24 | Distance: $11.48 (272% ATR)
SELL ZONE: $142.82 - $149.04 | Distance: $5.68
R:R RATIO: 1:-0.84 | SL: $14.24 | PT: $-11.90

94. EQIX
----------------------------------------------------------------------------------------------------
Current Price: $1126.65 | ATR: $34.11
BUY ZONE: $1002.24 - $1025.61 | Distance: $101.04 (296% ATR)
SELL ZONE: $1021.97 - $1053.97 | Distance: $72.68
R:R RATIO: 1:-0.84 | SL: $124.41 | PT: $-104.68

95. EQT
----------------------------------------------------------------------------------------------------
Current Price: $57.75 | ATR: $1.52
BUY ZONE: $52.38 - $54.05 | Distance: $3.70 (244% ATR)
SELL ZONE: $55.57 - $56.52 | Distance: $1.23
R:R RATIO: 1:-0.41 | SL: $5.37 | PT: $-2.18

96. ERIE
----------------------------------------------------------------------------------------------------
Current Price: $271.95 | ATR: $9.52
BUY ZONE: $230.25 - $244.70 | Distance: $27.25 (286% ATR)
SELL ZONE: $235.95 - $253.34 | Distance: $18.61
R:R RATIO: 1:-0.86 | SL: $41.70 | PT: $-36.00

97. ES
----------------------------------------------------------------------------------------------------
Current Price: $73.91 | ATR: $1.51
BUY ZONE: $68.43 - $69.91 | Distance: $4.00 (265% ATR)
SELL ZONE: $70.77 - $72.14 | Distance: $1.77
R:R RATIO: 1:-0.57 | SL: $5.48 | PT: $-3.14

98. ETN
----------------------------------------------------------------------------------------------------
Current Price: $441.00 | ATR: $18.24
BUY ZONE: $358.12 - $420.00 | Distance: $21.00 (115% ATR)
SELL ZONE: $411.24 - $430.25 | Distance: $10.75
R:R RATIO: 1:-0.36 | SL: $82.88 | PT: $-29.76

99. ETR
----------------------------------------------------------------------------------------------------
Current Price: $112.88 | ATR: $2.50
BUY ZONE: $104.86 - $106.72 | Distance: $6.16 (246% ATR)
SELL ZONE: $106.91 - $109.04 | Distance: $3.84
R:R RATIO: 1:-0.74 | SL: $8.02 | PT: $-5.97

100. EVRG
----------------------------------------------------------------------------------------------------
Current Price: $87.36 | ATR: $1.48
BUY ZONE: $79.85 - $81.33 | Distance: $6.03 (408% ATR)
SELL ZONE: $81.11 - $82.63 | Distance: $4.73
R:R RATIO: 1:-0.83 | SL: $7.51 | PT: $-6.25

101. EW
----------------------------------------------------------------------------------------------------
Current Price: $93.39 | ATR: $2.31
BUY ZONE: $81.16 - $85.51 | Distance: $7.88 (342% ATR)
SELL ZONE: $88.40 - $91.53 | Distance: $1.86
R:R RATIO: 1:-0.41 | SL: $12.23 | PT: $-4.99

102. EXE
----------------------------------------------------------------------------------------------------
Current Price: $101.54 | ATR: $2.64
BUY ZONE: $92.63 - $96.14 | Distance: $5.40 (204% ATR)
SELL ZONE: $96.75 - $99.61 | Distance: $1.93
R:R RATIO: 1:-0.54 | SL: $8.91 | PT: $-4.79

103. EXPD
----------------------------------------------------------------------------------------------------
Current Price: $217.35 | ATR: $4.56
BUY ZONE: $185.00 - $188.37 | Distance: $28.98 (636% ATR)
SELL ZONE: $189.37 - $192.28 | Distance: $25.07
R:R RATIO: 1:-0.86 | SL: $32.35 | PT: $-27.98

104. EXPE
----------------------------------------------------------------------------------------------------
Current Price: $297.68 | ATR: $13.73
BUY ZONE: $261.43 - $274.37 | Distance: $23.31 (170% ATR)
SELL ZONE: $295.71 - $314.12 | Distance: $0.00
R:R RATIO: 1:-0.05 | SL: $36.25 | PT: $-1.97

105. FANG
----------------------------------------------------------------------------------------------------
Current Price: $213.78 | ATR: $6.38
BUY ZONE: $197.06 - $205.00 | Distance: $8.78 (138% ATR)
SELL ZONE: $196.65 - $211.35 | Distance: $2.43
R:R RATIO: 1:-1.02 | SL: $16.72 | PT: $-17.13

106. FAST
----------------------------------------------------------------------------------------------------
Current Price: $52.88 | ATR: $1.16
BUY ZONE: $47.65 - $49.78 | Distance: $3.10 (268% ATR)
SELL ZONE: $49.21 - $50.42 | Distance: $2.46
R:R RATIO: 1:-0.70 | SL: $5.23 | PT: $-3.67

107. FCX
----------------------------------------------------------------------------------------------------
Current Price: $75.60 | ATR: $2.90
BUY ZONE: $65.71 - $68.89 | Distance: $6.71 (232% ATR)
SELL ZONE: $74.88 - $78.73 | Distance: $0.00
R:R RATIO: 1:-0.07 | SL: $9.89 | PT: $-0.72

108. FDS
----------------------------------------------------------------------------------------------------
Current Price: $276.15 | ATR: $10.90
BUY ZONE: $254.99 - $276.51 | Distance: $0.00 (0% ATR)
SELL ZONE: $279.16 - $302.79 | Distance: $3.01
R:R RATIO: 1:0.14 | SL: $21.16 | PT: $3.01

109. FDX
----------------------------------------------------------------------------------------------------
Current Price: $334.48 | ATR: $6.08
BUY ZONE: $304.18 - $311.45 | Distance: $23.03 (379% ATR)
SELL ZONE: $321.09 - $325.05 | Distance: $9.43
R:R RATIO: 1:-0.44 | SL: $30.30 | PT: $-13.39

110. FE
----------------------------------------------------------------------------------------------------
Current Price: $49.35 | ATR: $0.89
BUY ZONE: $45.32 - $46.01 | Distance: $3.34 (377% ATR)
SELL ZONE: $46.66 - $47.24 | Distance: $2.11
R:R RATIO: 1:-0.67 | SL: $4.03 | PT: $-2.69

111. FERG
----------------------------------------------------------------------------------------------------
Current Price: $237.21 | ATR: $7.46
BUY ZONE: $215.80 - $223.80 | Distance: $13.41 (180% ATR)
SELL ZONE: $222.07 - $230.44 | Distance: $6.77
R:R RATIO: 1:-0.71 | SL: $21.41 | PT: $-15.14

112. FFIV
----------------------------------------------------------------------------------------------------
Current Price: $430.37 | ATR: $15.30
BUY ZONE: $384.95 - $395.29 | Distance: $35.08 (229% ATR)
SELL ZONE: $402.19 - $414.17 | Distance: $16.20
R:R RATIO: 1:-0.62 | SL: $45.42 | PT: $-28.18

113. FIS
----------------------------------------------------------------------------------------------------
Current Price: $41.20 | ATR: $1.86
BUY ZONE: $37.81 - $39.45 | Distance: $1.75 (94% ATR)
SELL ZONE: $40.95 - $42.83 | Distance: $0.00
R:R RATIO: 1:-0.07 | SL: $3.39 | PT: $-0.25

114. FISV
----------------------------------------------------------------------------------------------------
Current Price: $52.19 | ATR: $2.06
BUY ZONE: $47.23 - $49.11 | Distance: $3.08 (149% ATR)
SELL ZONE: $51.62 - $54.04 | Distance: $0.00
R:R RATIO: 1:-0.11 | SL: $4.96 | PT: $-0.57

115. FITB
----------------------------------------------------------------------------------------------------
Current Price: $58.28 | ATR: $1.08
BUY ZONE: $52.30 - $54.16 | Distance: $4.12 (380% ATR)
SELL ZONE: $54.52 - $55.21 | Distance: $3.07
R:R RATIO: 1:-0.63 | SL: $5.98 | PT: $-3.76

116. FIX
----------------------------------------------------------------------------------------------------
Current Price: $1701.00 | ATR: $115.20
BUY ZONE: $1521.47 - $1562.00 | Distance: $139.00 (121% ATR)
SELL ZONE: $1578.34 - $1711.30 | Distance: $0.00
R:R RATIO: 1:-0.68 | SL: $179.53 | PT: $-122.66

117. FLEX
----------------------------------------------------------------------------------------------------
Current Price: $118.39 | ATR: $8.94
BUY ZONE: $107.00 - $111.63 | Distance: $6.76 (76% ATR)
SELL ZONE: $112.17 - $115.28 | Distance: $3.11
R:R RATIO: 1:-0.55 | SL: $11.39 | PT: $-6.22

118. FOXA
----------------------------------------------------------------------------------------------------
Current Price: $70.63 | ATR: $1.68
BUY ZONE: $62.90 - $65.48 | Distance: $5.15 (307% ATR)
SELL ZONE: $63.70 - $67.52 | Distance: $3.11
R:R RATIO: 1:-0.90 | SL: $7.73 | PT: $-6.93

119. FTNT
----------------------------------------------------------------------------------------------------
Current Price: $167.90 | ATR: $6.86
BUY ZONE: $151.80 - $162.28 | Distance: $5.62 (82% ATR)
SELL ZONE: $151.80 - $169.93 | Distance: $0.00
R:R RATIO: 1:-1.00 | SL: $16.10 | PT: $-16.10

120. GD
----------------------------------------------------------------------------------------------------
Current Price: $375.84 | ATR: $8.43
BUY ZONE: $341.94 - $352.15 | Distance: $23.69 (281% ATR)
SELL ZONE: $359.50 - $370.37 | Distance: $5.47
R:R RATIO: 1:-0.48 | SL: $33.90 | PT: $-16.34

121. GDDY
----------------------------------------------------------------------------------------------------
Current Price: $102.90 | ATR: $5.86
BUY ZONE: $91.60 - $94.31 | Distance: $8.59 (146% ATR)
SELL ZONE: $99.93 - $106.00 | Distance: $0.00
R:R RATIO: 1:-0.26 | SL: $11.30 | PT: $-2.97

122. GE
----------------------------------------------------------------------------------------------------
Current Price: $345.56 | ATR: $9.63
BUY ZONE: $318.25 - $332.92 | Distance: $12.64 (131% ATR)
SELL ZONE: $339.60 - $353.50 | Distance: $0.00
R:R RATIO: 1:-0.22 | SL: $27.31 | PT: $-5.96

123. GEHC
----------------------------------------------------------------------------------------------------
Current Price: $68.78 | ATR: $2.44
BUY ZONE: $60.20 - $62.70 | Distance: $6.08 (249% ATR)
SELL ZONE: $65.03 - $68.09 | Distance: $0.69
R:R RATIO: 1:-0.44 | SL: $8.58 | PT: $-3.75

124. GEN
----------------------------------------------------------------------------------------------------
Current Price: $32.03 | ATR: $0.91
BUY ZONE: $29.55 - $30.05 | Distance: $1.98 (218% ATR)
SELL ZONE: $29.86 - $31.65 | Distance: $0.38
R:R RATIO: 1:-0.88 | SL: $2.48 | PT: $-2.17

125. GEV
----------------------------------------------------------------------------------------------------
Current Price: $997.40 | ATR: $58.07
BUY ZONE: $908.06 - $959.00 | Distance: $38.40 (66% ATR)
SELL ZONE: $949.06 - $983.34 | Distance: $14.06
R:R RATIO: 1:-0.54 | SL: $89.34 | PT: $-48.34

126. GILD
----------------------------------------------------------------------------------------------------
Current Price: $154.28 | ATR: $3.95
BUY ZONE: $143.18 - $147.22 | Distance: $7.06 (179% ATR)
SELL ZONE: $145.00 - $151.19 | Distance: $3.09
R:R RATIO: 1:-0.84 | SL: $11.10 | PT: $-9.28

127. GIS
----------------------------------------------------------------------------------------------------
Current Price: $38.17 | ATR: $1.09
BUY ZONE: $35.60 - $36.28 | Distance: $1.89 (173% ATR)
SELL ZONE: $36.52 - $38.65 | Distance: $0.00
R:R RATIO: 1:-0.64 | SL: $2.57 | PT: $-1.65

128. GL
----------------------------------------------------------------------------------------------------
Current Price: $186.37 | ATR: $3.88
BUY ZONE: $163.14 - $165.78 | Distance: $20.59 (530% ATR)
SELL ZONE: $174.01 - $176.99 | Distance: $9.38
R:R RATIO: 1:-0.53 | SL: $23.23 | PT: $-12.36

129. GLD
----------------------------------------------------------------------------------------------------
Current Price: $414.30 | ATR: $7.42
BUY ZONE: $387.27 - $400.66 | Distance: $13.64 (184% ATR)
SELL ZONE: $399.48 - $406.56 | Distance: $7.74
R:R RATIO: 1:-0.55 | SL: $27.03 | PT: $-14.82

130. GLW
----------------------------------------------------------------------------------------------------
Current Price: $174.62 | ATR: $12.47
BUY ZONE: $154.59 - $169.73 | Distance: $4.89 (39% ATR)
SELL ZONE: $154.59 - $171.30 | Distance: $3.32
R:R RATIO: 1:-1.00 | SL: $20.03 | PT: $-20.03

131. GM
----------------------------------------------------------------------------------------------------
Current Price: $91.62 | ATR: $3.08
BUY ZONE: $79.00 - $84.33 | Distance: $7.29 (236% ATR)
SELL ZONE: $85.31 - $87.85 | Distance: $3.77
R:R RATIO: 1:-0.50 | SL: $12.62 | PT: $-6.31

132. GNRC
----------------------------------------------------------------------------------------------------
Current Price: $200.92 | ATR: $10.76
BUY ZONE: $178.19 - $186.50 | Distance: $14.42 (134% ATR)
SELL ZONE: $186.31 - $193.31 | Distance: $7.61
R:R RATIO: 1:-0.64 | SL: $22.73 | PT: $-14.61

133. GOOG
----------------------------------------------------------------------------------------------------
Current Price: $335.15 | ATR: $12.71
BUY ZONE: $325.63 - $336.48 | Distance: $0.00 (0% ATR)
SELL ZONE: $330.39 - $340.18 | Distance: $0.00
R:R RATIO: 1:-0.50 | SL: $9.52 | PT: $-4.76

134. GOOGL
----------------------------------------------------------------------------------------------------
Current Price: $336.69 | ATR: $13.17
BUY ZONE: $314.90 - $324.18 | Distance: $12.51 (95% ATR)
SELL ZONE: $333.22 - $343.53 | Distance: $0.00
R:R RATIO: 1:-0.16 | SL: $21.79 | PT: $-3.47

135. GPC
----------------------------------------------------------------------------------------------------
Current Price: $143.46 | ATR: $4.34
BUY ZONE: $123.33 - $125.77 | Distance: $17.69 (407% ATR)
SELL ZONE: $132.34 - $138.20 | Distance: $5.26
R:R RATIO: 1:-0.55 | SL: $20.13 | PT: $-11.12

136. GPN
----------------------------------------------------------------------------------------------------
Current Price: $94.27 | ATR: $3.00
BUY ZONE: $83.87 - $87.09 | Distance: $7.18 (239% ATR)
SELL ZONE: $89.14 - $94.08 | Distance: $0.19
R:R RATIO: 1:-0.49 | SL: $10.40 | PT: $-5.13

137. GRMN
----------------------------------------------------------------------------------------------------
Current Price: $289.28 | ATR: $11.30
BUY ZONE: $268.01 - $279.94 | Distance: $9.34 (83% ATR)
SELL ZONE: $282.47 - $291.50 | Distance: $0.00
R:R RATIO: 1:-0.32 | SL: $21.27 | PT: $-6.81

138. GS
----------------------------------------------------------------------------------------------------
Current Price: $1088.85 | ATR: $34.11
BUY ZONE: $977.70 - $1042.98 | Distance: $45.87 (134% ATR)
SELL ZONE: $1022.62 - $1048.84 | Distance: $40.01
R:R RATIO: 1:-0.60 | SL: $111.15 | PT: $-66.23

139. HAL
----------------------------------------------------------------------------------------------------
Current Price: $37.96 | ATR: $1.12
BUY ZONE: $35.32 - $37.80 | Distance: $0.16 (14% ATR)
SELL ZONE: $36.57 - $37.80 | Distance: $0.16
R:R RATIO: 1:-0.53 | SL: $2.64 | PT: $-1.39

140. HAS
----------------------------------------------------------------------------------------------------
Current Price: $102.90 | ATR: $3.02
BUY ZONE: $86.70 - $93.05 | Distance: $9.85 (326% ATR)
SELL ZONE: $93.25 - $95.79 | Distance: $7.11
R:R RATIO: 1:-0.60 | SL: $16.20 | PT: $-9.65

141. HBAN
----------------------------------------------------------------------------------------------------
Current Price: $17.77 | ATR: $0.40
BUY ZONE: $16.40 - $17.03 | Distance: $0.74 (185% ATR)
SELL ZONE: $16.87 - $17.16 | Distance: $0.61
R:R RATIO: 1:-0.66 | SL: $1.37 | PT: $-0.90

142. HCA
----------------------------------------------------------------------------------------------------
Current Price: $451.18 | ATR: $12.37
BUY ZONE: $395.56 - $415.62 | Distance: $35.56 (288% ATR)
SELL ZONE: $425.89 - $436.50 | Distance: $14.68
R:R RATIO: 1:-0.45 | SL: $55.62 | PT: $-25.29

143. HIG
----------------------------------------------------------------------------------------------------
Current Price: $158.82 | ATR: $2.94
BUY ZONE: $130.17 - $134.06 | Distance: $24.76 (842% ATR)
SELL ZONE: $138.04 - $140.41 | Distance: $18.41
R:R RATIO: 1:-0.73 | SL: $28.65 | PT: $-20.78

144. HII
----------------------------------------------------------------------------------------------------
Current Price: $305.84 | ATR: $13.08
BUY ZONE: $279.44 - $320.65 | Distance: $0.00 (0% ATR)
SELL ZONE: $293.02 - $298.99 | Distance: $6.85
R:R RATIO: 1:-0.49 | SL: $26.40 | PT: $-12.82

145. HPE
----------------------------------------------------------------------------------------------------
Current Price: $58.95 | ATR: $2.99
BUY ZONE: $51.49 - $54.88 | Distance: $4.07 (136% ATR)
SELL ZONE: $51.49 - $58.92 | Distance: $0.03
R:R RATIO: 1:-1.00 | SL: $7.46 | PT: $-7.46

146. HSIC
----------------------------------------------------------------------------------------------------
Current Price: $94.22 | ATR: $1.95
BUY ZONE: $87.06 - $90.56 | Distance: $3.66 (188% ATR)
SELL ZONE: $87.65 - $89.99 | Distance: $4.23
R:R RATIO: 1:-0.92 | SL: $7.16 | PT: $-6.57

147. HST
----------------------------------------------------------------------------------------------------
Current Price: $23.47 | ATR: $0.67
BUY ZONE: $21.51 - $22.00 | Distance: $1.47 (219% ATR)
SELL ZONE: $22.25 - $23.29 | Distance: $0.18
R:R RATIO: 1:-0.62 | SL: $1.96 | PT: $-1.22

148. HSY
----------------------------------------------------------------------------------------------------
Current Price: $185.05 | ATR: $4.06
BUY ZONE: $168.75 - $172.83 | Distance: $12.22 (301% ATR)
SELL ZONE: $172.02 - $179.26 | Distance: $5.79
R:R RATIO: 1:-0.80 | SL: $16.30 | PT: $-13.03

149. IBKR
----------------------------------------------------------------------------------------------------
Current Price: $95.26 | ATR: $3.40
BUY ZONE: $88.53 - $91.35 | Distance: $3.91 (115% ATR)
SELL ZONE: $94.81 - $98.75 | Distance: $0.00
R:R RATIO: 1:-0.07 | SL: $6.73 | PT: $-0.45

150. IBM
----------------------------------------------------------------------------------------------------
Current Price: $248.12 | ATR: $7.47
BUY ZONE: $228.96 - $234.44 | Distance: $13.68 (183% ATR)
SELL ZONE: $287.50 - $298.77 | Distance: $39.38
R:R RATIO: 1:2.06 | SL: $19.16 | PT: $39.38

151. ICE
----------------------------------------------------------------------------------------------------
Current Price: $165.90 | ATR: $3.91
BUY ZONE: $153.26 - $155.46 | Distance: $10.44 (267% ATR)
SELL ZONE: $155.87 - $160.63 | Distance: $5.27
R:R RATIO: 1:-0.79 | SL: $12.64 | PT: $-10.03

152. IEX
----------------------------------------------------------------------------------------------------
Current Price: $238.10 | ATR: $5.23
BUY ZONE: $218.46 - $223.78 | Distance: $14.32 (274% ATR)
SELL ZONE: $220.98 - $227.37 | Distance: $10.73
R:R RATIO: 1:-0.87 | SL: $19.64 | PT: $-17.12

153. IFF
----------------------------------------------------------------------------------------------------
Current Price: $89.57 | ATR: $2.65
BUY ZONE: $80.86 - $82.46 | Distance: $7.11 (268% ATR)
SELL ZONE: $85.38 - $86.63 | Distance: $2.94
R:R RATIO: 1:-0.48 | SL: $8.71 | PT: $-4.19

154. INCY
----------------------------------------------------------------------------------------------------
Current Price: $132.56 | ATR: $4.27
BUY ZONE: $121.61 - $124.00 | Distance: $8.56 (201% ATR)
SELL ZONE: $125.83 - $132.60 | Distance: $0.00
R:R RATIO: 1:-0.61 | SL: $10.95 | PT: $-6.73

155. INTC
----------------------------------------------------------------------------------------------------
Current Price: $107.94 | ATR: $7.65
BUY ZONE: $95.94 - $106.09 | Distance: $1.85 (24% ATR)
SELL ZONE: $95.94 - $106.69 | Distance: $1.25
R:R RATIO: 1:-1.00 | SL: $12.00 | PT: $-12.00

156. INTU
----------------------------------------------------------------------------------------------------
Current Price: $330.60 | ATR: $14.97
BUY ZONE: $303.80 - $336.94 | Distance: $0.00 (0% ATR)
SELL ZONE: $312.80 - $327.00 | Distance: $3.60
R:R RATIO: 1:-0.66 | SL: $26.80 | PT: $-17.80

157. IP
----------------------------------------------------------------------------------------------------
Current Price: $37.12 | ATR: $1.86
BUY ZONE: $31.78 - $35.23 | Distance: $1.89 (102% ATR)
SELL ZONE: $36.48 - $37.76 | Distance: $0.00
R:R RATIO: 1:-0.12 | SL: $5.34 | PT: $-0.64

158. IQV
----------------------------------------------------------------------------------------------------
Current Price: $278.27 | ATR: $9.53
BUY ZONE: $246.87 - $260.30 | Distance: $17.97 (189% ATR)
SELL ZONE: $262.60 - $271.80 | Distance: $6.47
R:R RATIO: 1:-0.50 | SL: $31.40 | PT: $-15.67

159. IR
----------------------------------------------------------------------------------------------------
Current Price: $80.85 | ATR: $2.74
BUY ZONE: $69.84 - $73.28 | Distance: $7.57 (276% ATR)
SELL ZONE: $74.99 - $76.65 | Distance: $4.20
R:R RATIO: 1:-0.53 | SL: $11.01 | PT: $-5.86

160. IRM
----------------------------------------------------------------------------------------------------
Current Price: $124.93 | ATR: $4.63
BUY ZONE: $110.77 - $115.37 | Distance: $9.56 (206% ATR)
SELL ZONE: $116.05 - $119.42 | Distance: $5.51
R:R RATIO: 1:-0.63 | SL: $14.16 | PT: $-8.88

161. ISRG
----------------------------------------------------------------------------------------------------
Current Price: $383.40 | ATR: $11.99
BUY ZONE: $328.57 - $341.83 | Distance: $41.57 (347% ATR)
SELL ZONE: $363.23 - $378.99 | Distance: $4.41
R:R RATIO: 1:-0.37 | SL: $54.83 | PT: $-20.17

162. IT
----------------------------------------------------------------------------------------------------
Current Price: $183.50 | ATR: $10.69
BUY ZONE: $147.45 - $156.48 | Distance: $27.02 (253% ATR)
SELL ZONE: $166.01 - $184.09 | Distance: $0.00
R:R RATIO: 1:-0.49 | SL: $36.05 | PT: $-17.49

163. ITW
----------------------------------------------------------------------------------------------------
Current Price: $282.89 | ATR: $6.94
BUY ZONE: $261.00 - $269.50 | Distance: $13.39 (193% ATR)
SELL ZONE: $265.89 - $276.76 | Distance: $6.13
R:R RATIO: 1:-0.78 | SL: $21.89 | PT: $-17.00

164. IVZ
----------------------------------------------------------------------------------------------------
Current Price: $35.41 | ATR: $0.92
BUY ZONE: $31.20 - $32.32 | Distance: $3.09 (335% ATR)
SELL ZONE: $32.08 - $33.26 | Distance: $2.15
R:R RATIO: 1:-0.79 | SL: $4.21 | PT: $-3.33

165. IWM
----------------------------------------------------------------------------------------------------
Current Price: $299.35 | ATR: $4.28
BUY ZONE: $277.62 - $290.87 | Distance: $8.48 (198% ATR)
SELL ZONE: $294.26 - $296.18 | Distance: $3.17
R:R RATIO: 1:-0.23 | SL: $21.73 | PT: $-5.09

166. J
----------------------------------------------------------------------------------------------------
Current Price: $150.04 | ATR: $3.90
BUY ZONE: $135.49 - $139.51 | Distance: $10.53 (270% ATR)
SELL ZONE: $141.56 - $146.09 | Distance: $3.95
R:R RATIO: 1:-0.58 | SL: $14.55 | PT: $-8.48

167. JBHT
----------------------------------------------------------------------------------------------------
Current Price: $288.02 | ATR: $6.55
BUY ZONE: $254.10 - $263.53 | Distance: $24.49 (374% ATR)
SELL ZONE: $265.49 - $276.54 | Distance: $11.48
R:R RATIO: 1:-0.66 | SL: $33.92 | PT: $-22.53

168. JBL
----------------------------------------------------------------------------------------------------
Current Price: $330.75 | ATR: $15.21
BUY ZONE: $285.80 - $328.40 | Distance: $2.35 (15% ATR)
SELL ZONE: $306.61 - $315.71 | Distance: $15.04
R:R RATIO: 1:-0.54 | SL: $44.95 | PT: $-24.14

169. JCI
----------------------------------------------------------------------------------------------------
Current Price: $155.06 | ATR: $4.56
BUY ZONE: $142.15 - $144.97 | Distance: $10.09 (221% ATR)
SELL ZONE: $142.84 - $149.64 | Distance: $5.42
R:R RATIO: 1:-0.95 | SL: $12.91 | PT: $-12.22

170. JKHY
----------------------------------------------------------------------------------------------------
Current Price: $175.35 | ATR: $4.57
BUY ZONE: $157.55 - $160.12 | Distance: $15.23 (333% ATR)
SELL ZONE: $167.28 - $173.77 | Distance: $1.58
R:R RATIO: 1:-0.45 | SL: $17.80 | PT: $-8.07

171. JNJ
----------------------------------------------------------------------------------------------------
Current Price: $281.40 | ATR: $5.98
BUY ZONE: $263.83 - $268.38 | Distance: $13.02 (218% ATR)
SELL ZONE: $266.73 - $271.99 | Distance: $9.41
R:R RATIO: 1:-0.83 | SL: $17.57 | PT: $-14.67

172. JPM
----------------------------------------------------------------------------------------------------
Current Price: $376.20 | ATR: $6.54
BUY ZONE: $343.78 - $355.62 | Distance: $20.58 (314% ATR)
SELL ZONE: $351.55 - $363.05 | Distance: $13.15
R:R RATIO: 1:-0.76 | SL: $32.42 | PT: $-24.65

173. KDP
----------------------------------------------------------------------------------------------------
Current Price: $33.50 | ATR: $0.89
BUY ZONE: $30.03 - $31.09 | Distance: $2.41 (271% ATR)
SELL ZONE: $32.34 - $33.17 | Distance: $0.33
R:R RATIO: 1:-0.33 | SL: $3.47 | PT: $-1.16

174. KEY
----------------------------------------------------------------------------------------------------
Current Price: $23.14 | ATR: $0.43
BUY ZONE: $21.14 - $21.89 | Distance: $1.25 (294% ATR)
SELL ZONE: $21.58 - $22.17 | Distance: $0.97
R:R RATIO: 1:-0.78 | SL: $2.00 | PT: $-1.56

175. KEYS
----------------------------------------------------------------------------------------------------
Current Price: $348.60 | ATR: $12.74
BUY ZONE: $324.13 - $329.80 | Distance: $18.80 (148% ATR)
SELL ZONE: $313.19 - $352.00 | Distance: $0.00
R:R RATIO: 1:-1.45 | SL: $24.47 | PT: $-35.41

176. KHC
----------------------------------------------------------------------------------------------------
Current Price: $25.78 | ATR: $0.85
BUY ZONE: $23.60 - $24.32 | Distance: $1.46 (172% ATR)
SELL ZONE: $24.32 - $26.10 | Distance: $0.00
R:R RATIO: 1:-0.67 | SL: $2.18 | PT: $-1.46

177. KKR
----------------------------------------------------------------------------------------------------
Current Price: $107.62 | ATR: $3.39
BUY ZONE: $94.13 - $98.07 | Distance: $9.55 (282% ATR)
SELL ZONE: $106.77 - $110.89 | Distance: $0.00
R:R RATIO: 1:-0.06 | SL: $13.49 | PT: $-0.85

178. KMI
----------------------------------------------------------------------------------------------------
Current Price: $32.50 | ATR: $0.72
BUY ZONE: $30.51 - $31.14 | Distance: $1.36 (190% ATR)
SELL ZONE: $31.28 - $32.33 | Distance: $0.17
R:R RATIO: 1:-0.61 | SL: $1.99 | PT: $-1.22

179. KO
----------------------------------------------------------------------------------------------------
Current Price: $92.76 | ATR: $1.83
BUY ZONE: $85.16 - $87.97 | Distance: $4.79 (262% ATR)
SELL ZONE: $87.55 - $89.22 | Distance: $3.54
R:R RATIO: 1:-0.69 | SL: $7.60 | PT: $-5.21

180. KR
----------------------------------------------------------------------------------------------------
Current Price: $58.49 | ATR: $1.65
BUY ZONE: $56.37 - $57.38 | Distance: $1.11 (67% ATR)
SELL ZONE: $57.50 - $59.13 | Distance: $0.00
R:R RATIO: 1:-0.47 | SL: $2.12 | PT: $-0.99

181. L
----------------------------------------------------------------------------------------------------
Current Price: $116.97 | ATR: $1.86
BUY ZONE: $107.41 - $109.20 | Distance: $7.77 (417% ATR)
SELL ZONE: $107.41 - $111.06 | Distance: $5.91
R:R RATIO: 1:-1.00 | SL: $9.56 | PT: $-9.56

182. LDOS
----------------------------------------------------------------------------------------------------
Current Price: $140.21 | ATR: $4.91
BUY ZONE: $128.07 - $130.67 | Distance: $9.54 (194% ATR)
SELL ZONE: $131.00 - $138.50 | Distance: $1.71
R:R RATIO: 1:-0.76 | SL: $12.14 | PT: $-9.21

183. LH
----------------------------------------------------------------------------------------------------
Current Price: $331.06 | ATR: $8.77
BUY ZONE: $253.05 - $256.73 | Distance: $74.33 (848% ATR)
SELL ZONE: $318.57 - $328.06 | Distance: $3.00
R:R RATIO: 1:-0.16 | SL: $78.01 | PT: $-12.49

184. LITE
----------------------------------------------------------------------------------------------------
Current Price: $1003.75 | ATR: $79.57
BUY ZONE: $818.89 - $885.83 | Distance: $117.92 (148% ATR)
SELL ZONE: $978.11 - $1026.76 | Distance: $0.00
R:R RATIO: 1:-0.14 | SL: $184.86 | PT: $-25.64

185. LLY
----------------------------------------------------------------------------------------------------
Current Price: $1187.00 | ATR: $39.76
BUY ZONE: $1079.22 - $1135.14 | Distance: $51.86 (130% ATR)
SELL ZONE: $1137.50 - $1171.66 | Distance: $15.34
R:R RATIO: 1:-0.46 | SL: $107.78 | PT: $-49.50

186. LMT
----------------------------------------------------------------------------------------------------
Current Price: $560.59 | ATR: $17.71
BUY ZONE: $524.03 - $548.00 | Distance: $12.59 (71% ATR)
SELL ZONE: $527.28 - $548.00 | Distance: $12.59
R:R RATIO: 1:-0.91 | SL: $36.56 | PT: $-33.31

187. LRCX
----------------------------------------------------------------------------------------------------
Current Price: $322.35 | ATR: $23.30
BUY ZONE: $292.78 - $310.30 | Distance: $12.05 (52% ATR)
SELL ZONE: $312.76 - $322.21 | Distance: $0.14
R:R RATIO: 1:-0.32 | SL: $29.57 | PT: $-9.59

188. LUV
----------------------------------------------------------------------------------------------------
Current Price: $41.67 | ATR: $1.74
BUY ZONE: $37.58 - $39.63 | Distance: $2.04 (117% ATR)
SELL ZONE: $38.45 - $40.56 | Distance: $1.11
R:R RATIO: 1:-0.79 | SL: $4.09 | PT: $-3.22

189. LYB
----------------------------------------------------------------------------------------------------
Current Price: $67.74 | ATR: $2.40
BUY ZONE: $62.91 - $65.21 | Distance: $2.53 (106% ATR)
SELL ZONE: $62.91 - $67.21 | Distance: $0.53
R:R RATIO: 1:-1.00 | SL: $4.83 | PT: $-4.83

190. MA
----------------------------------------------------------------------------------------------------
Current Price: $599.89 | ATR: $11.68
BUY ZONE: $553.89 - $564.61 | Distance: $35.28 (302% ATR)
SELL ZONE: $578.71 - $592.97 | Distance: $6.92
R:R RATIO: 1:-0.46 | SL: $46.00 | PT: $-21.18

191. MCHP
----------------------------------------------------------------------------------------------------
Current Price: $76.65 | ATR: $4.58
BUY ZONE: $70.85 - $73.29 | Distance: $3.36 (73% ATR)
SELL ZONE: $70.85 - $74.86 | Distance: $1.79
R:R RATIO: 1:-1.00 | SL: $5.80 | PT: $-5.80

192. MCK
----------------------------------------------------------------------------------------------------
Current Price: $958.65 | ATR: $27.89
BUY ZONE: $859.75 - $875.64 | Distance: $83.01 (298% ATR)
SELL ZONE: $916.14 - $929.95 | Distance: $28.70
R:R RATIO: 1:-0.43 | SL: $98.90 | PT: $-42.51

193. MCO
----------------------------------------------------------------------------------------------------
Current Price: $519.52 | ATR: $11.60
BUY ZONE: $437.51 - $451.85 | Distance: $67.67 (583% ATR)
SELL ZONE: $473.18 - $489.75 | Distance: $29.77
R:R RATIO: 1:-0.57 | SL: $82.01 | PT: $-46.34

194. MDLZ
----------------------------------------------------------------------------------------------------
Current Price: $66.01 | ATR: $1.72
BUY ZONE: $57.87 - $59.27 | Distance: $6.74 (393% ATR)
SELL ZONE: $62.12 - $64.38 | Distance: $1.63
R:R RATIO: 1:-0.48 | SL: $8.14 | PT: $-3.89

195. MDT
----------------------------------------------------------------------------------------------------
Current Price: $97.65 | ATR: $2.07
BUY ZONE: $88.50 - $91.61 | Distance: $6.04 (291% ATR)
SELL ZONE: $91.42 - $93.39 | Distance: $4.26
R:R RATIO: 1:-0.68 | SL: $9.15 | PT: $-6.23

196. MELI
----------------------------------------------------------------------------------------------------
Current Price: $2201.34 | ATR: $54.18
BUY ZONE: $1759.21 - $1813.99 | Distance: $387.35 (715% ATR)
SELL ZONE: $1966.00 - $2066.00 | Distance: $135.34
R:R RATIO: 1:-0.53 | SL: $442.13 | PT: $-235.34

197. MET
----------------------------------------------------------------------------------------------------
Current Price: $102.86 | ATR: $1.92
BUY ZONE: $94.88 - $96.30 | Distance: $6.56 (341% ATR)
SELL ZONE: $97.47 - $99.25 | Distance: $3.61
R:R RATIO: 1:-0.68 | SL: $7.98 | PT: $-5.39

198. META
----------------------------------------------------------------------------------------------------
Current Price: $688.04 | ATR: $22.10
BUY ZONE: $600.38 - $619.46 | Distance: $68.58 (310% ATR)
SELL ZONE: $660.16 - $686.08 | Distance: $1.96
R:R RATIO: 1:-0.32 | SL: $87.66 | PT: $-27.88

199. MKC
----------------------------------------------------------------------------------------------------
Current Price: $54.20 | ATR: $1.54
BUY ZONE: $49.76 - $53.13 | Distance: $1.07 (70% ATR)
SELL ZONE: $51.51 - $53.62 | Distance: $0.58
R:R RATIO: 1:-0.61 | SL: $4.44 | PT: $-2.69

200. MMM
----------------------------------------------------------------------------------------------------
Current Price: $173.37 | ATR: $5.09
BUY ZONE: $159.01 - $161.68 | Distance: $11.69 (230% ATR)
SELL ZONE: $165.80 - $171.26 | Distance: $2.11
R:R RATIO: 1:-0.53 | SL: $14.36 | PT: $-7.57

201. MNST
----------------------------------------------------------------------------------------------------
Current Price: $45.96 | ATR: $2.32
BUY ZONE: $42.19 - $43.01 | Distance: $2.95 (127% ATR)
SELL ZONE: $43.65 - $45.37 | Distance: $0.59
R:R RATIO: 1:-0.61 | SL: $3.77 | PT: $-2.31

202. MRK
----------------------------------------------------------------------------------------------------
Current Price: $153.09 | ATR: $2.95
BUY ZONE: $133.40 - $135.97 | Distance: $17.12 (581% ATR)
SELL ZONE: $149.14 - $156.92 | Distance: $0.00
R:R RATIO: 1:-0.20 | SL: $19.69 | PT: $-3.95

203. MRNA
----------------------------------------------------------------------------------------------------
Current Price: $143.95 | ATR: $3.40
BUY ZONE: $128.61 - $159.47 | Distance: $0.00 (0% ATR)
SELL ZONE: $139.70 - $154.69 | Distance: $0.00
R:R RATIO: 1:-0.28 | SL: $15.34 | PT: $-4.25

204. MRSH
----------------------------------------------------------------------------------------------------
Current Price: $209.11 | ATR: $4.95
BUY ZONE: $174.59 - $176.67 | Distance: $32.44 (655% ATR)
SELL ZONE: $176.58 - $184.72 | Distance: $24.39
R:R RATIO: 1:-0.94 | SL: $34.52 | PT: $-32.53

205. MRVL
----------------------------------------------------------------------------------------------------
Current Price: $245.49 | ATR: $17.09
BUY ZONE: $222.53 - $231.89 | Distance: $13.60 (80% ATR)
SELL ZONE: $222.53 - $241.88 | Distance: $3.61
R:R RATIO: 1:-1.00 | SL: $22.96 | PT: $-22.96

206. MS
----------------------------------------------------------------------------------------------------
Current Price: $227.33 | ATR: $5.75
BUY ZONE: $207.32 - $216.30 | Distance: $11.03 (192% ATR)
SELL ZONE: $207.32 - $218.78 | Distance: $8.55
R:R RATIO: 1:-1.00 | SL: $20.01 | PT: $-20.01

207. MSCI
----------------------------------------------------------------------------------------------------
Current Price: $584.84 | ATR: $18.36
BUY ZONE: $542.33 - $568.93 | Distance: $15.91 (87% ATR)
SELL ZONE: $545.56 - $569.34 | Distance: $15.50
R:R RATIO: 1:-0.92 | SL: $42.51 | PT: $-39.28

208. MSFT
----------------------------------------------------------------------------------------------------
Current Price: $521.96 | ATR: $17.33
BUY ZONE: $484.30 - $492.44 | Distance: $29.52 (170% ATR)
SELL ZONE: $490.15 - $515.65 | Distance: $6.31
R:R RATIO: 1:-0.84 | SL: $37.66 | PT: $-31.81

209. MSI
----------------------------------------------------------------------------------------------------
Current Price: $513.33 | ATR: $12.61
BUY ZONE: $458.55 - $472.73 | Distance: $40.60 (322% ATR)
SELL ZONE: $466.39 - $482.58 | Distance: $30.75
R:R RATIO: 1:-0.86 | SL: $54.78 | PT: $-46.94

210. MSTR
----------------------------------------------------------------------------------------------------
Current Price: $138.87 | ATR: $5.63
BUY ZONE: $121.38 - $133.38 | Distance: $5.49 (98% ATR)
SELL ZONE: $135.38 - $144.40 | Distance: $0.00
R:R RATIO: 1:-0.20 | SL: $17.49 | PT: $-3.49

211. MTB
----------------------------------------------------------------------------------------------------
Current Price: $260.91 | ATR: $3.88
BUY ZONE: $235.39 - $238.62 | Distance: $22.29 (574% ATR)
SELL ZONE: $238.13 - $251.83 | Distance: $9.08
R:R RATIO: 1:-0.89 | SL: $25.52 | PT: $-22.78

212. MTD
----------------------------------------------------------------------------------------------------
Current Price: $1359.75 | ATR: $38.26
BUY ZONE: $1212.78 - $1261.01 | Distance: $98.74 (258% ATR)
SELL ZONE: $1334.73 - $1387.32 | Distance: $0.00
R:R RATIO: 1:-0.17 | SL: $146.97 | PT: $-25.02

213. MU
----------------------------------------------------------------------------------------------------
Current Price: $1043.39 | ATR: $83.80
BUY ZONE: $918.88 - $959.76 | Distance: $83.63 (100% ATR)
SELL ZONE: $992.29 - $1042.40 | Distance: $0.99
R:R RATIO: 1:-0.41 | SL: $124.51 | PT: $-51.10

214. NBIS
----------------------------------------------------------------------------------------------------
Current Price: $269.15 | ATR: $26.13
BUY ZONE: $196.63 - $211.67 | Distance: $57.48 (220% ATR)
SELL ZONE: $240.20 - $254.74 | Distance: $14.41
R:R RATIO: 1:-0.40 | SL: $72.52 | PT: $-28.95

215. NDAQ
----------------------------------------------------------------------------------------------------
Current Price: $97.65 | ATR: $2.07
BUY ZONE: $90.10 - $92.93 | Distance: $4.72 (228% ATR)
SELL ZONE: $93.90 - $96.25 | Distance: $1.40
R:R RATIO: 1:-0.50 | SL: $7.55 | PT: $-3.75

216. NDSN
----------------------------------------------------------------------------------------------------
Current Price: $331.80 | ATR: $4.92
BUY ZONE: $302.92 - $311.00 | Distance: $20.80 (423% ATR)
SELL ZONE: $319.81 - $334.03 | Distance: $0.00
R:R RATIO: 1:-0.42 | SL: $28.88 | PT: $-11.99

217. NEE
----------------------------------------------------------------------------------------------------
Current Price: $87.57 | ATR: $1.89
BUY ZONE: $80.75 - $82.60 | Distance: $4.97 (263% ATR)
SELL ZONE: $83.24 - $85.27 | Distance: $2.30
R:R RATIO: 1:-0.63 | SL: $6.82 | PT: $-4.33

218. NEM
----------------------------------------------------------------------------------------------------
Current Price: $134.82 | ATR: $4.00
BUY ZONE: $115.83 - $126.60 | Distance: $8.22 (205% ATR)
SELL ZONE: $126.06 - $130.71 | Distance: $4.11
R:R RATIO: 1:-0.46 | SL: $18.99 | PT: $-8.76

219. NFLX
----------------------------------------------------------------------------------------------------
Current Price: $80.15 | ATR: $2.14
BUY ZONE: $73.57 - $74.67 | Distance: $5.48 (257% ATR)
SELL ZONE: $75.92 - $82.69 | Distance: $0.00
R:R RATIO: 1:-0.64 | SL: $6.58 | PT: $-4.23

220. NI
----------------------------------------------------------------------------------------------------
Current Price: $44.89 | ATR: $1.01
BUY ZONE: $41.16 - $41.78 | Distance: $3.11 (309% ATR)
SELL ZONE: $41.40 - $42.18 | Distance: $2.71
R:R RATIO: 1:-0.94 | SL: $3.73 | PT: $-3.49

221. NOC
----------------------------------------------------------------------------------------------------
Current Price: $549.14 | ATR: $16.58
BUY ZONE: $512.54 - $526.94 | Distance: $22.20 (134% ATR)
SELL ZONE: $521.66 - $535.86 | Distance: $13.28
R:R RATIO: 1:-0.75 | SL: $36.60 | PT: $-27.48

222. NOW
----------------------------------------------------------------------------------------------------
Current Price: $138.06 | ATR: $7.07
BUY ZONE: $117.58 - $121.84 | Distance: $16.22 (229% ATR)
SELL ZONE: $138.80 - $146.98 | Distance: $0.74
R:R RATIO: 1:0.04 | SL: $20.48 | PT: $0.74

223. NSC
----------------------------------------------------------------------------------------------------
Current Price: $343.67 | ATR: $7.48
BUY ZONE: $316.16 - $324.49 | Distance: $19.18 (256% ATR)
SELL ZONE: $326.78 - $331.65 | Distance: $12.02
R:R RATIO: 1:-0.61 | SL: $27.51 | PT: $-16.89

224. NTAP
----------------------------------------------------------------------------------------------------
Current Price: $194.99 | ATR: $7.00
BUY ZONE: $180.43 - $188.83 | Distance: $6.16 (88% ATR)
SELL ZONE: $184.02 - $190.79 | Distance: $4.20
R:R RATIO: 1:-0.75 | SL: $14.56 | PT: $-10.97

225. NTRS
----------------------------------------------------------------------------------------------------
Current Price: $214.20 | ATR: $3.68
BUY ZONE: $182.99 - $188.14 | Distance: $26.06 (708% ATR)
SELL ZONE: $183.96 - $188.14 | Distance: $26.06
R:R RATIO: 1:-0.97 | SL: $31.21 | PT: $-30.24

226. NUE
----------------------------------------------------------------------------------------------------
Current Price: $271.95 | ATR: $8.57
BUY ZONE: $243.10 - $248.68 | Distance: $23.27 (272% ATR)
SELL ZONE: $258.95 - $268.47 | Distance: $3.48
R:R RATIO: 1:-0.45 | SL: $28.85 | PT: $-13.00

227. NVDA
----------------------------------------------------------------------------------------------------
Current Price: $232.12 | ATR: $7.77
BUY ZONE: $207.25 - $214.73 | Distance: $17.39 (224% ATR)
SELL ZONE: $223.46 - $233.71 | Distance: $0.00
R:R RATIO: 1:-0.35 | SL: $24.87 | PT: $-8.66

228. NWSA
----------------------------------------------------------------------------------------------------
Current Price: $33.08 | ATR: $0.96
BUY ZONE: $28.20 - $28.62 | Distance: $4.46 (463% ATR)
SELL ZONE: $29.22 - $30.89 | Distance: $2.19
R:R RATIO: 1:-0.79 | SL: $4.88 | PT: $-3.86

229. ODFL
----------------------------------------------------------------------------------------------------
Current Price: $197.93 | ATR: $7.17
BUY ZONE: $179.34 - $190.70 | Distance: $7.23 (101% ATR)
SELL ZONE: $179.34 - $190.70 | Distance: $7.23
R:R RATIO: 1:-1.00 | SL: $18.59 | PT: $-18.59

230. OMC
----------------------------------------------------------------------------------------------------
Current Price: $86.98 | ATR: $3.20
BUY ZONE: $76.45 - $87.41 | Distance: $0.00 (0% ATR)
SELL ZONE: $82.19 - $84.80 | Distance: $2.18
R:R RATIO: 1:-0.45 | SL: $10.53 | PT: $-4.79

231. ORCL
----------------------------------------------------------------------------------------------------
Current Price: $172.73 | ATR: $7.06
BUY ZONE: $139.72 - $146.69 | Distance: $26.04 (369% ATR)
SELL ZONE: $160.36 - $170.70 | Distance: $2.03
R:R RATIO: 1:-0.37 | SL: $33.01 | PT: $-12.37

232. PANW
----------------------------------------------------------------------------------------------------
Current Price: $358.26 | ATR: $14.12
BUY ZONE: $321.39 - $333.31 | Distance: $24.95 (177% ATR)
SELL ZONE: $357.26 - $383.73 | Distance: $0.00
R:R RATIO: 1:-0.03 | SL: $36.87 | PT: $-1.00

233. PAYX
----------------------------------------------------------------------------------------------------
Current Price: $122.50 | ATR: $3.64
BUY ZONE: $113.69 - $119.97 | Distance: $2.53 (70% ATR)
SELL ZONE: $122.80 - $127.98 | Distance: $0.30
R:R RATIO: 1:0.03 | SL: $8.81 | PT: $0.30

234. PCAR
----------------------------------------------------------------------------------------------------
Current Price: $132.64 | ATR: $3.67
BUY ZONE: $118.38 - $123.03 | Distance: $9.61 (262% ATR)
SELL ZONE: $124.15 - $126.49 | Distance: $6.15
R:R RATIO: 1:-0.60 | SL: $14.26 | PT: $-8.49

235. PCG
----------------------------------------------------------------------------------------------------
Current Price: $14.83 | ATR: $0.51
BUY ZONE: $13.74 - $14.32 | Distance: $0.51 (99% ATR)
SELL ZONE: $14.16 - $14.92 | Distance: $0.00
R:R RATIO: 1:-0.61 | SL: $1.09 | PT: $-0.67

236. PDD
----------------------------------------------------------------------------------------------------
Current Price: $89.37 | ATR: $1.96
BUY ZONE: $75.50 - $77.72 | Distance: $11.65 (595% ATR)
SELL ZONE: $78.56 - $81.39 | Distance: $7.98
R:R RATIO: 1:-0.78 | SL: $13.87 | PT: $-10.81

237. PFE
----------------------------------------------------------------------------------------------------
Current Price: $29.15 | ATR: $0.52
BUY ZONE: $26.42 - $26.95 | Distance: $2.20 (422% ATR)
SELL ZONE: $27.57 - $28.14 | Distance: $1.01
R:R RATIO: 1:-0.58 | SL: $2.73 | PT: $-1.58

238. PFG
----------------------------------------------------------------------------------------------------
Current Price: $136.01 | ATR: $2.35
BUY ZONE: $113.20 - $121.18 | Distance: $14.83 (632% ATR)
SELL ZONE: $115.82 - $121.18 | Distance: $14.83
R:R RATIO: 1:-0.89 | SL: $22.81 | PT: $-20.19

239. PGR
----------------------------------------------------------------------------------------------------
Current Price: $229.89 | ATR: $4.77
BUY ZONE: $203.18 - $208.07 | Distance: $21.82 (457% ATR)
SELL ZONE: $212.63 - $222.85 | Distance: $7.04
R:R RATIO: 1:-0.65 | SL: $26.71 | PT: $-17.26

240. PH
----------------------------------------------------------------------------------------------------
Current Price: $1010.17 | ATR: $27.95
BUY ZONE: $875.60 - $932.99 | Distance: $77.18 (276% ATR)
SELL ZONE: $960.43 - $978.38 | Distance: $31.79
R:R RATIO: 1:-0.37 | SL: $134.57 | PT: $-49.74

241. PKG
----------------------------------------------------------------------------------------------------
Current Price: $247.80 | ATR: $7.24
BUY ZONE: $214.18 - $226.20 | Distance: $21.60 (298% ATR)
SELL ZONE: $233.79 - $246.18 | Distance: $1.62
R:R RATIO: 1:-0.42 | SL: $33.62 | PT: $-14.01

242. PLTR
----------------------------------------------------------------------------------------------------
Current Price: $176.30 | ATR: $9.21
BUY ZONE: $152.70 - $158.25 | Distance: $18.05 (196% ATR)
SELL ZONE: $168.61 - $175.82 | Distance: $0.48
R:R RATIO: 1:-0.33 | SL: $23.60 | PT: $-7.69

243. PM
----------------------------------------------------------------------------------------------------
Current Price: $200.87 | ATR: $5.67
BUY ZONE: $181.55 - $187.36 | Distance: $13.51 (238% ATR)
SELL ZONE: $190.16 - $193.63 | Distance: $7.24
R:R RATIO: 1:-0.55 | SL: $19.32 | PT: $-10.71

244. PNC
----------------------------------------------------------------------------------------------------
Current Price: $267.75 | ATR: $3.59
BUY ZONE: $229.74 - $237.66 | Distance: $30.09 (837% ATR)
SELL ZONE: $242.74 - $246.64 | Distance: $21.11
R:R RATIO: 1:-0.66 | SL: $38.01 | PT: $-25.01

245. PODD
----------------------------------------------------------------------------------------------------
Current Price: $142.80 | ATR: $8.55
BUY ZONE: $130.11 - $139.48 | Distance: $3.32 (39% ATR)
SELL ZONE: $137.25 - $147.39 | Distance: $0.00
R:R RATIO: 1:-0.44 | SL: $12.69 | PT: $-5.55

246. PPL
----------------------------------------------------------------------------------------------------
Current Price: $36.31 | ATR: $0.72
BUY ZONE: $33.76 - $34.24 | Distance: $2.07 (288% ATR)
SELL ZONE: $34.84 - $35.58 | Distance: $0.73
R:R RATIO: 1:-0.58 | SL: $2.55 | PT: $-1.47

247. PRU
----------------------------------------------------------------------------------------------------
Current Price: $127.01 | ATR: $2.66
BUY ZONE: $116.73 - $119.68 | Distance: $7.33 (276% ATR)
SELL ZONE: $119.99 - $123.57 | Distance: $3.44
R:R RATIO: 1:-0.68 | SL: $10.28 | PT: $-7.02

248. PSKY
----------------------------------------------------------------------------------------------------
Current Price: $11.03 | ATR: $0.37
BUY ZONE: $9.97 - $10.32 | Distance: $0.71 (190% ATR)
SELL ZONE: $10.78 - $11.20 | Distance: $0.00
R:R RATIO: 1:-0.24 | SL: $1.06 | PT: $-0.25

249. PTC
----------------------------------------------------------------------------------------------------
Current Price: $140.70 | ATR: $5.94
BUY ZONE: $125.84 - $130.58 | Distance: $10.12 (170% ATR)
SELL ZONE: $132.63 - $147.73 | Distance: $0.00
R:R RATIO: 1:-0.54 | SL: $14.86 | PT: $-8.07

250. PWR
----------------------------------------------------------------------------------------------------
Current Price: $677.25 | ATR: $33.56
BUY ZONE: $554.12 - $637.26 | Distance: $39.99 (119% ATR)
SELL ZONE: $610.00 - $667.00 | Distance: $10.25
R:R RATIO: 1:-0.55 | SL: $123.13 | PT: $-67.25

251. PYPL
----------------------------------------------------------------------------------------------------
Current Price: $56.38 | ATR: $1.40
BUY ZONE: $46.43 - $48.43 | Distance: $7.95 (568% ATR)
SELL ZONE: $53.03 - $56.14 | Distance: $0.24
R:R RATIO: 1:-0.34 | SL: $9.95 | PT: $-3.35

252. Q
----------------------------------------------------------------------------------------------------
Current Price: $132.30 | ATR: $6.84
BUY ZONE: $113.33 - $118.77 | Distance: $13.53 (198% ATR)
SELL ZONE: $125.14 - $129.50 | Distance: $2.80
R:R RATIO: 1:-0.38 | SL: $18.97 | PT: $-7.16

253. QCOM
----------------------------------------------------------------------------------------------------
Current Price: $188.27 | ATR: $7.40
BUY ZONE: $162.21 - $171.38 | Distance: $16.89 (228% ATR)
SELL ZONE: $174.76 - $189.99 | Distance: $0.00
R:R RATIO: 1:-0.52 | SL: $26.06 | PT: $-13.51

254. QQQ
----------------------------------------------------------------------------------------------------
Current Price: $716.45 | ATR: $14.85
BUY ZONE: $702.70 - $714.04 | Distance: $2.41 (16% ATR)
SELL ZONE: $724.60 - $737.62 | Distance: $8.15
R:R RATIO: 1:0.59 | SL: $13.75 | PT: $8.15

255. REGN
----------------------------------------------------------------------------------------------------
Current Price: $861.00 | ATR: $20.89
BUY ZONE: $779.08 - $802.78 | Distance: $58.22 (279% ATR)
SELL ZONE: $796.73 - $841.54 | Distance: $19.46
R:R RATIO: 1:-0.78 | SL: $81.92 | PT: $-64.27

256. RF
----------------------------------------------------------------------------------------------------
Current Price: $31.91 | ATR: $0.54
BUY ZONE: $29.25 - $29.84 | Distance: $2.07 (385% ATR)
SELL ZONE: $29.96 - $30.62 | Distance: $1.29
R:R RATIO: 1:-0.73 | SL: $2.66 | PT: $-1.95

257. RJF
----------------------------------------------------------------------------------------------------
Current Price: $218.01 | ATR: $3.39
BUY ZONE: $172.37 - $178.82 | Distance: $39.19 (1156% ATR)
SELL ZONE: $176.39 - $180.41 | Distance: $37.60
R:R RATIO: 1:-0.91 | SL: $45.64 | PT: $-41.62

258. RKLB
----------------------------------------------------------------------------------------------------
Current Price: $66.20 | ATR: $5.64
BUY ZONE: $58.20 - $67.84 | Distance: $0.00 (0% ATR)
SELL ZONE: $65.42 - $70.00 | Distance: $0.00
R:R RATIO: 1:-0.10 | SL: $8.00 | PT: $-0.78

259. RMD
----------------------------------------------------------------------------------------------------
Current Price: $231.47 | ATR: $7.10
BUY ZONE: $215.71 - $225.76 | Distance: $5.71 (80% ATR)
SELL ZONE: $225.12 - $237.21 | Distance: $0.00
R:R RATIO: 1:-0.40 | SL: $15.76 | PT: $-6.35

260. ROP
----------------------------------------------------------------------------------------------------
Current Price: $414.18 | ATR: $15.17
BUY ZONE: $386.23 - $399.25 | Distance: $14.93 (98% ATR)
SELL ZONE: $388.21 - $403.00 | Distance: $11.18
R:R RATIO: 1:-0.93 | SL: $27.95 | PT: $-25.97

261. ROST
----------------------------------------------------------------------------------------------------
Current Price: $242.66 | ATR: $5.01
BUY ZONE: $218.06 - $221.25 | Distance: $21.41 (427% ATR)
SELL ZONE: $227.20 - $233.45 | Distance: $9.21
R:R RATIO: 1:-0.63 | SL: $24.60 | PT: $-15.46

262. RSG
----------------------------------------------------------------------------------------------------
Current Price: $235.20 | ATR: $4.70
BUY ZONE: $218.86 - $222.63 | Distance: $12.57 (268% ATR)
SELL ZONE: $219.52 - $228.22 | Distance: $6.98
R:R RATIO: 1:-0.96 | SL: $16.34 | PT: $-15.68

263. RTX
----------------------------------------------------------------------------------------------------
Current Price: $210.44 | ATR: $5.89
BUY ZONE: $180.97 - $187.44 | Distance: $23.00 (391% ATR)
SELL ZONE: $199.04 - $211.31 | Distance: $0.00
R:R RATIO: 1:-0.39 | SL: $29.47 | PT: $-11.40

264. RVTY
----------------------------------------------------------------------------------------------------
Current Price: $128.63 | ATR: $4.02
BUY ZONE: $107.73 - $115.84 | Distance: $12.79 (318% ATR)
SELL ZONE: $127.78 - $133.00 | Distance: $0.00
R:R RATIO: 1:-0.04 | SL: $20.90 | PT: $-0.85

265. SBAC
----------------------------------------------------------------------------------------------------
Current Price: $194.09 | ATR: $7.07
BUY ZONE: $179.16 - $184.85 | Distance: $9.24 (131% ATR)
SELL ZONE: $185.81 - $194.23 | Distance: $0.00
R:R RATIO: 1:-0.55 | SL: $14.93 | PT: $-8.28

266. SBUX
----------------------------------------------------------------------------------------------------
Current Price: $105.20 | ATR: $2.82
BUY ZONE: $98.69 - $102.56 | Distance: $2.64 (94% ATR)
SELL ZONE: $99.69 - $104.76 | Distance: $0.44
R:R RATIO: 1:-0.85 | SL: $6.51 | PT: $-5.51

267. SCHW
----------------------------------------------------------------------------------------------------
Current Price: $114.72 | ATR: $2.05
BUY ZONE: $106.19 - $107.83 | Distance: $6.89 (336% ATR)
SELL ZONE: $108.52 - $110.72 | Distance: $4.00
R:R RATIO: 1:-0.73 | SL: $8.53 | PT: $-6.20

268. SHOP
----------------------------------------------------------------------------------------------------
Current Price: $149.01 | ATR: $8.31
BUY ZONE: $115.27 - $122.29 | Distance: $26.72 (322% ATR)
SELL ZONE: $144.49 - $149.43 | Distance: $0.00
R:R RATIO: 1:-0.13 | SL: $33.74 | PT: $-4.52

269. SHW
----------------------------------------------------------------------------------------------------
Current Price: $340.86 | ATR: $10.77
BUY ZONE: $299.02 - $308.00 | Distance: $32.86 (305% ATR)
SELL ZONE: $319.61 - $332.34 | Distance: $8.52
R:R RATIO: 1:-0.51 | SL: $41.84 | PT: $-21.25

270. SJM
----------------------------------------------------------------------------------------------------
Current Price: $132.30 | ATR: $3.24
BUY ZONE: $117.53 - $120.51 | Distance: $11.79 (364% ATR)
SELL ZONE: $123.23 - $128.86 | Distance: $3.44
R:R RATIO: 1:-0.61 | SL: $14.77 | PT: $-9.07

271. SLB
----------------------------------------------------------------------------------------------------
Current Price: $59.45 | ATR: $1.93
BUY ZONE: $54.67 - $57.42 | Distance: $2.03 (105% ATR)
SELL ZONE: $56.24 - $59.36 | Distance: $0.09
R:R RATIO: 1:-0.67 | SL: $4.78 | PT: $-3.21

272. SLV
----------------------------------------------------------------------------------------------------
Current Price: $60.52 | ATR: $1.85
BUY ZONE: $57.23 - $60.05 | Distance: $0.47 (25% ATR)
SELL ZONE: $59.66 - $64.31 | Distance: $0.00
R:R RATIO: 1:-0.26 | SL: $3.29 | PT: $-0.86

273. SMCI
----------------------------------------------------------------------------------------------------
Current Price: $39.43 | ATR: $2.49
BUY ZONE: $30.92 - $33.39 | Distance: $6.04 (243% ATR)
SELL ZONE: $39.66 - $41.53 | Distance: $0.23
R:R RATIO: 1:0.03 | SL: $8.51 | PT: $0.23

274. SNDK
----------------------------------------------------------------------------------------------------
Current Price: $1799.70 | ATR: $177.45
BUY ZONE: $1435.61 - $1517.75 | Distance: $281.95 (159% ATR)
SELL ZONE: $1728.02 - $1807.38 | Distance: $0.00
R:R RATIO: 1:-0.20 | SL: $364.09 | PT: $-71.68

275. SNPS
----------------------------------------------------------------------------------------------------
Current Price: $422.04 | ATR: $13.22
BUY ZONE: $380.32 - $405.80 | Distance: $16.24 (123% ATR)
SELL ZONE: $410.52 - $430.88 | Distance: $0.00
R:R RATIO: 1:-0.28 | SL: $41.72 | PT: $-11.52

276. SOLV
----------------------------------------------------------------------------------------------------
Current Price: $93.58 | ATR: $2.61
BUY ZONE: $86.64 - $89.75 | Distance: $3.83 (147% ATR)
SELL ZONE: $90.75 - $94.16 | Distance: $0.00
R:R RATIO: 1:-0.41 | SL: $6.94 | PT: $-2.83

277. SPCX
----------------------------------------------------------------------------------------------------
Current Price: $149.82 | ATR: $10.12
BUY ZONE: $138.17 - $145.23 | Distance: $4.59 (45% ATR)
SELL ZONE: $145.14 - $155.00 | Distance: $0.00
R:R RATIO: 1:-0.40 | SL: $11.65 | PT: $-4.68

278. SPGI
----------------------------------------------------------------------------------------------------
Current Price: $437.29 | ATR: $12.10
BUY ZONE: $409.85 - $422.97 | Distance: $14.32 (118% ATR)
SELL ZONE: $418.25 - $442.53 | Distance: $0.00
R:R RATIO: 1:-0.69 | SL: $27.44 | PT: $-19.04

279. SPY
----------------------------------------------------------------------------------------------------
Current Price: $764.48 | ATR: $9.10
BUY ZONE: $737.68 - $748.89 | Distance: $15.59 (171% ATR)
SELL ZONE: $760.94 - $769.70 | Distance: $0.00
R:R RATIO: 1:-0.13 | SL: $26.80 | PT: $-3.54

280. SRE
----------------------------------------------------------------------------------------------------
Current Price: $89.79 | ATR: $1.84
BUY ZONE: $83.55 - $84.73 | Distance: $5.06 (275% ATR)
SELL ZONE: $84.65 - $86.15 | Distance: $3.64
R:R RATIO: 1:-0.82 | SL: $6.24 | PT: $-5.14

281. STE
----------------------------------------------------------------------------------------------------
Current Price: $225.23 | ATR: $6.00
BUY ZONE: $209.56 - $213.37 | Distance: $11.86 (198% ATR)
SELL ZONE: $213.29 - $222.97 | Distance: $2.26
R:R RATIO: 1:-0.76 | SL: $15.67 | PT: $-11.94

282. STLD
----------------------------------------------------------------------------------------------------
Current Price: $254.10 | ATR: $8.26
BUY ZONE: $227.51 - $232.39 | Distance: $21.71 (263% ATR)
SELL ZONE: $240.52 - $251.88 | Distance: $2.22
R:R RATIO: 1:-0.51 | SL: $26.59 | PT: $-13.58

283. STT
----------------------------------------------------------------------------------------------------
Current Price: $203.75 | ATR: $3.97
BUY ZONE: $182.96 - $187.42 | Distance: $16.33 (411% ATR)
SELL ZONE: $189.38 - $195.40 | Distance: $8.35
R:R RATIO: 1:-0.69 | SL: $20.79 | PT: $-14.37

284. STX
----------------------------------------------------------------------------------------------------
Current Price: $919.66 | ATR: $80.93
BUY ZONE: $761.80 - $826.89 | Distance: $92.77 (115% ATR)
SELL ZONE: $920.00 - $1013.99 | Distance: $0.34
R:R RATIO: 1:0.00 | SL: $157.86 | PT: $0.34

285. STZ
----------------------------------------------------------------------------------------------------
Current Price: $132.30 | ATR: $2.87
BUY ZONE: $120.25 - $122.67 | Distance: $9.63 (335% ATR)
SELL ZONE: $127.36 - $132.89 | Distance: $0.00
R:R RATIO: 1:-0.41 | SL: $12.05 | PT: $-4.94

286. SW
----------------------------------------------------------------------------------------------------
Current Price: $43.26 | ATR: $2.05
BUY ZONE: $41.13 - $43.51 | Distance: $0.00 (0% ATR)
SELL ZONE: $45.14 - $46.84 | Distance: $1.88
R:R RATIO: 1:0.88 | SL: $2.13 | PT: $1.88

287. SWK
----------------------------------------------------------------------------------------------------
Current Price: $91.00 | ATR: $3.22
BUY ZONE: $85.53 - $88.99 | Distance: $2.01 (62% ATR)
SELL ZONE: $91.61 - $96.33 | Distance: $0.61
R:R RATIO: 1:0.11 | SL: $5.47 | PT: $0.61

288. SYF
----------------------------------------------------------------------------------------------------
Current Price: $81.31 | ATR: $2.11
BUY ZONE: $73.60 - $75.39 | Distance: $5.92 (280% ATR)
SELL ZONE: $77.33 - $79.44 | Distance: $1.87
R:R RATIO: 1:-0.52 | SL: $7.71 | PT: $-3.98

289. SYY
----------------------------------------------------------------------------------------------------
Current Price: $83.17 | ATR: $2.01
BUY ZONE: $79.46 - $80.30 | Distance: $2.87 (143% ATR)
SELL ZONE: $82.30 - $84.23 | Distance: $0.00
R:R RATIO: 1:-0.23 | SL: $3.71 | PT: $-0.87

290. T
----------------------------------------------------------------------------------------------------
Current Price: $27.06 | ATR: $0.78
BUY ZONE: $24.80 - $25.91 | Distance: $1.15 (148% ATR)
SELL ZONE: $25.45 - $26.22 | Distance: $0.84
R:R RATIO: 1:-0.71 | SL: $2.26 | PT: $-1.61

291. TEL
----------------------------------------------------------------------------------------------------
Current Price: $223.65 | ATR: $7.69
BUY ZONE: $199.82 - $208.06 | Distance: $15.59 (203% ATR)
SELL ZONE: $207.96 - $212.32 | Distance: $11.33
R:R RATIO: 1:-0.66 | SL: $23.83 | PT: $-15.69

292. TER
----------------------------------------------------------------------------------------------------
Current Price: $383.08 | ATR: $30.98
BUY ZONE: $365.82 - $384.45 | Distance: $0.00 (0% ATR)
SELL ZONE: $359.00 - $384.45 | Distance: $0.00
R:R RATIO: 1:-1.40 | SL: $17.26 | PT: $-24.08

293. TFC
----------------------------------------------------------------------------------------------------
Current Price: $50.96 | ATR: $0.87
BUY ZONE: $49.06 - $50.17 | Distance: $0.79 (91% ATR)
SELL ZONE: $50.80 - $51.89 | Distance: $0.00
R:R RATIO: 1:-0.08 | SL: $1.90 | PT: $-0.16

294. TGT
----------------------------------------------------------------------------------------------------
Current Price: $161.35 | ATR: $3.60
BUY ZONE: $154.50 - $161.98 | Distance: $0.00 (0% ATR)
SELL ZONE: $154.67 - $162.38 | Distance: $0.00
R:R RATIO: 1:-0.98 | SL: $6.85 | PT: $-6.68

295. TJX
----------------------------------------------------------------------------------------------------
Current Price: $127.50 | ATR: $3.30
BUY ZONE: $125.56 - $127.08 | Distance: $0.42 (13% ATR)
SELL ZONE: $130.15 - $133.50 | Distance: $2.65
R:R RATIO: 1:1.37 | SL: $1.94 | PT: $2.65

296. TKO
----------------------------------------------------------------------------------------------------
Current Price: $204.75 | ATR: $4.83
BUY ZONE: $187.67 - $191.50 | Distance: $13.25 (274% ATR)
SELL ZONE: $189.80 - $196.06 | Distance: $8.69
R:R RATIO: 1:-0.88 | SL: $17.08 | PT: $-14.95

297. TLT
----------------------------------------------------------------------------------------------------
Current Price: $81.31 | ATR: $0.57
BUY ZONE: $80.67 - $81.36 | Distance: $0.00 (0% ATR)
SELL ZONE: $81.93 - $82.50 | Distance: $0.62
R:R RATIO: 1:0.97 | SL: $0.64 | PT: $0.62

298. TMO
----------------------------------------------------------------------------------------------------
Current Price: $609.35 | ATR: $18.90
BUY ZONE: $569.63 - $580.31 | Distance: $29.04 (154% ATR)
SELL ZONE: $626.33 - $637.13 | Distance: $16.98
R:R RATIO: 1:0.43 | SL: $39.72 | PT: $16.98

299. TMUS
----------------------------------------------------------------------------------------------------
Current Price: $188.22 | ATR: $7.29
BUY ZONE: $174.65 - $183.26 | Distance: $4.96 (68% ATR)
SELL ZONE: $179.61 - $187.71 | Distance: $0.51
R:R RATIO: 1:-0.63 | SL: $13.57 | PT: $-8.61

300. TPL
----------------------------------------------------------------------------------------------------
Current Price: $392.70 | ATR: $16.83
BUY ZONE: $352.75 - $364.00 | Distance: $28.70 (171% ATR)
SELL ZONE: $373.00 - $393.00 | Distance: $0.00
R:R RATIO: 1:-0.49 | SL: $39.95 | PT: $-19.70

301. TPR
----------------------------------------------------------------------------------------------------
Current Price: $124.22 | ATR: $3.96
BUY ZONE: $112.11 - $117.26 | Distance: $6.96 (176% ATR)
SELL ZONE: $121.84 - $125.20 | Distance: $0.00
R:R RATIO: 1:-0.20 | SL: $12.11 | PT: $-2.38

302. TRGP
----------------------------------------------------------------------------------------------------
Current Price: $312.64 | ATR: $8.02
BUY ZONE: $289.36 - $296.87 | Distance: $15.77 (197% ATR)
SELL ZONE: $291.08 - $299.48 | Distance: $13.16
R:R RATIO: 1:-0.93 | SL: $23.28 | PT: $-21.56

303. TRI
----------------------------------------------------------------------------------------------------
Current Price: $110.87 | ATR: $6.46
BUY ZONE: $95.66 - $105.25 | Distance: $5.62 (87% ATR)
SELL ZONE: $96.31 - $105.19 | Distance: $5.68
R:R RATIO: 1:-0.96 | SL: $15.21 | PT: $-14.56

304. TRMB
----------------------------------------------------------------------------------------------------
Current Price: $60.48 | ATR: $2.01
BUY ZONE: $55.60 - $57.69 | Distance: $2.79 (139% ATR)
SELL ZONE: $56.62 - $58.67 | Distance: $1.81
R:R RATIO: 1:-0.79 | SL: $4.88 | PT: $-3.86

305. TROW
----------------------------------------------------------------------------------------------------
Current Price: $114.29 | ATR: $2.78
BUY ZONE: $104.40 - $109.58 | Distance: $4.71 (170% ATR)
SELL ZONE: $108.55 - $111.70 | Distance: $2.59
R:R RATIO: 1:-0.58 | SL: $9.89 | PT: $-5.74

306. TRV
----------------------------------------------------------------------------------------------------
Current Price: $390.60 | ATR: $8.09
BUY ZONE: $364.60 - $370.52 | Distance: $20.08 (248% ATR)
SELL ZONE: $359.87 - $376.57 | Distance: $14.03
R:R RATIO: 1:-1.18 | SL: $26.00 | PT: $-30.73

307. TSCO
----------------------------------------------------------------------------------------------------
Current Price: $33.87 | ATR: $1.12
BUY ZONE: $33.25 - $33.97 | Distance: $0.00 (0% ATR)
SELL ZONE: $34.95 - $35.82 | Distance: $1.08
R:R RATIO: 1:1.74 | SL: $0.62 | PT: $1.08

308. TSLA
----------------------------------------------------------------------------------------------------
Current Price: $364.46 | ATR: $14.84
BUY ZONE: $351.32 - $375.44 | Distance: $0.00 (0% ATR)
SELL ZONE: $357.68 - $375.44 | Distance: $0.00
R:R RATIO: 1:-0.52 | SL: $13.14 | PT: $-6.78

309. TSN
----------------------------------------------------------------------------------------------------
Current Price: $52.76 | ATR: $1.74
BUY ZONE: $51.48 - $53.05 | Distance: $0.00 (0% ATR)
SELL ZONE: $51.48 - $53.05 | Distance: $0.00
R:R RATIO: 1:-1.00 | SL: $1.28 | PT: $-1.28

310. TT
----------------------------------------------------------------------------------------------------
Current Price: $469.58 | ATR: $14.63
BUY ZONE: $434.00 - $442.59 | Distance: $26.99 (184% ATR)
SELL ZONE: $436.06 - $450.00 | Distance: $19.58
R:R RATIO: 1:-0.94 | SL: $35.58 | PT: $-33.52

311. TTD
----------------------------------------------------------------------------------------------------
Current Price: $14.07 | ATR: $1.27
BUY ZONE: $12.83 - $14.57 | Distance: $0.00 (0% ATR)
SELL ZONE: $13.82 - $15.26 | Distance: $0.00
R:R RATIO: 1:-0.20 | SL: $1.24 | PT: $-0.25

312. TYL
----------------------------------------------------------------------------------------------------
Current Price: $361.73 | ATR: $15.05
BUY ZONE: $335.13 - $360.54 | Distance: $1.19 (8% ATR)
SELL ZONE: $336.52 - $359.03 | Distance: $2.70
R:R RATIO: 1:-0.95 | SL: $26.60 | PT: $-25.21

313. UAL
----------------------------------------------------------------------------------------------------
Current Price: $114.98 | ATR: $4.48
BUY ZONE: $104.15 - $109.87 | Distance: $5.11 (114% ATR)
SELL ZONE: $107.03 - $111.58 | Distance: $3.40
R:R RATIO: 1:-0.73 | SL: $10.83 | PT: $-7.95

314. UBER
----------------------------------------------------------------------------------------------------
Current Price: $73.01 | ATR: $2.68
BUY ZONE: $65.41 - $68.34 | Distance: $4.67 (174% ATR)
SELL ZONE: $69.24 - $75.61 | Distance: $0.00
R:R RATIO: 1:-0.50 | SL: $7.60 | PT: $-3.77

315. UHS
----------------------------------------------------------------------------------------------------
Current Price: $186.67 | ATR: $6.54
BUY ZONE: $169.81 - $177.88 | Distance: $8.79 (134% ATR)
SELL ZONE: $169.58 - $178.54 | Distance: $8.13
R:R RATIO: 1:-1.01 | SL: $16.86 | PT: $-17.09

316. ULTA
----------------------------------------------------------------------------------------------------
Current Price: $556.50 | ATR: $14.03
BUY ZONE: $530.79 - $550.06 | Distance: $6.44 (46% ATR)
SELL ZONE: $540.01 - $564.84 | Distance: $0.00
R:R RATIO: 1:-0.64 | SL: $25.71 | PT: $-16.49

317. UNP
----------------------------------------------------------------------------------------------------
Current Price: $302.40 | ATR: $7.08
BUY ZONE: $280.16 - $285.43 | Distance: $16.97 (240% ATR)
SELL ZONE: $287.10 - $292.58 | Distance: $9.82
R:R RATIO: 1:-0.69 | SL: $22.24 | PT: $-15.30

318. UPS
----------------------------------------------------------------------------------------------------
Current Price: $102.96 | ATR: $3.14
BUY ZONE: $98.81 - $100.51 | Distance: $2.45 (78% ATR)
SELL ZONE: $101.92 - $104.38 | Distance: $0.00
R:R RATIO: 1:-0.25 | SL: $4.15 | PT: $-1.04

319. USB
----------------------------------------------------------------------------------------------------
Current Price: $64.09 | ATR: $1.11
BUY ZONE: $60.80 - $62.12 | Distance: $1.97 (178% ATR)
SELL ZONE: $62.74 - $63.71 | Distance: $0.38
R:R RATIO: 1:-0.41 | SL: $3.29 | PT: $-1.35

320. V
----------------------------------------------------------------------------------------------------
Current Price: $375.00 | ATR: $7.54
BUY ZONE: $362.90 - $370.63 | Distance: $4.37 (58% ATR)
SELL ZONE: $373.64 - $382.21 | Distance: $0.00
R:R RATIO: 1:-0.11 | SL: $12.10 | PT: $-1.36

321. VEA
----------------------------------------------------------------------------------------------------
Current Price: $72.86 | ATR: $0.97
BUY ZONE: $70.06 - $71.08 | Distance: $1.78 (183% ATR)
SELL ZONE: $72.77 - $73.91 | Distance: $0.00
R:R RATIO: 1:-0.03 | SL: $2.80 | PT: $-0.09

322. VEEV
----------------------------------------------------------------------------------------------------
Current Price: $277.20 | ATR: $8.08
BUY ZONE: $258.19 - $273.61 | Distance: $3.59 (44% ATR)
SELL ZONE: $259.50 - $271.65 | Distance: $5.55
R:R RATIO: 1:-0.93 | SL: $19.01 | PT: $-17.70

323. VLTO
----------------------------------------------------------------------------------------------------
Current Price: $99.16 | ATR: $2.48
BUY ZONE: $92.36 - $95.64 | Distance: $3.52 (142% ATR)
SELL ZONE: $95.22 - $97.23 | Distance: $1.93
R:R RATIO: 1:-0.58 | SL: $6.80 | PT: $-3.94

324. VMRK
----------------------------------------------------------------------------------------------------
Current Price: $65.69 | ATR: $1.18
BUY ZONE: $64.60 - $65.56 | Distance: $0.13 (11% ATR)
SELL ZONE: $65.08 - $67.26 | Distance: $0.00
R:R RATIO: 1:-0.56 | SL: $1.09 | PT: $-0.61

325. VOO
----------------------------------------------------------------------------------------------------
Current Price: $703.78 | ATR: $8.23
BUY ZONE: $678.06 - $688.35 | Distance: $15.43 (187% ATR)
SELL ZONE: $699.49 - $707.51 | Distance: $0.00
R:R RATIO: 1:-0.17 | SL: $25.72 | PT: $-4.29

326. VRSK
----------------------------------------------------------------------------------------------------
Current Price: $180.00 | ATR: $7.71
BUY ZONE: $171.79 - $179.21 | Distance: $0.79 (10% ATR)
SELL ZONE: $187.44 - $194.19 | Distance: $7.44
R:R RATIO: 1:0.91 | SL: $8.21 | PT: $7.44

327. VRSN
----------------------------------------------------------------------------------------------------
Current Price: $311.43 | ATR: $10.58
BUY ZONE: $279.04 - $288.21 | Distance: $23.22 (219% ATR)
SELL ZONE: $286.00 - $290.72 | Distance: $20.71
R:R RATIO: 1:-0.79 | SL: $32.39 | PT: $-25.43

328. VRT
----------------------------------------------------------------------------------------------------
Current Price: $261.00 | ATR: $20.08
BUY ZONE: $220.92 - $251.71 | Distance: $9.29 (46% ATR)
SELL ZONE: $244.77 - $290.23 | Distance: $0.00
R:R RATIO: 1:-0.40 | SL: $40.08 | PT: $-16.23

329. VRTX
----------------------------------------------------------------------------------------------------
Current Price: $551.01 | ATR: $12.38
BUY ZONE: $502.29 - $515.74 | Distance: $35.27 (285% ATR)
SELL ZONE: $551.61 - $560.25 | Distance: $0.60
R:R RATIO: 1:0.01 | SL: $48.72 | PT: $0.60

330. VST
----------------------------------------------------------------------------------------------------
Current Price: $151.49 | ATR: $7.53
BUY ZONE: $142.81 - $148.78 | Distance: $2.71 (36% ATR)
SELL ZONE: $148.90 - $154.90 | Distance: $0.00
R:R RATIO: 1:-0.30 | SL: $8.68 | PT: $-2.59

331. VTI
----------------------------------------------------------------------------------------------------
Current Price: $376.66 | ATR: $4.47
BUY ZONE: $360.20 - $366.58 | Distance: $10.08 (225% ATR)
SELL ZONE: $372.75 - $379.57 | Distance: $0.00
R:R RATIO: 1:-0.24 | SL: $16.46 | PT: $-3.91

332. VTR
----------------------------------------------------------------------------------------------------
Current Price: $90.98 | ATR: $2.49
BUY ZONE: $88.55 - $91.61 | Distance: $0.00 (0% ATR)
SELL ZONE: $89.57 - $92.22 | Distance: $0.00
R:R RATIO: 1:-0.58 | SL: $2.43 | PT: $-1.41

333. VTRS
----------------------------------------------------------------------------------------------------
Current Price: $16.53 | ATR: $0.57
BUY ZONE: $16.15 - $16.51 | Distance: $0.02 (4% ATR)
SELL ZONE: $16.67 - $17.28 | Distance: $0.14
R:R RATIO: 1:0.37 | SL: $0.38 | PT: $0.14

334. VWO
----------------------------------------------------------------------------------------------------
Current Price: $60.29 | ATR: $0.75
BUY ZONE: $59.80 - $60.35 | Distance: $0.00 (0% ATR)
SELL ZONE: $59.90 - $61.20 | Distance: $0.00
R:R RATIO: 1:-0.80 | SL: $0.49 | PT: $-0.39

335. WAB
----------------------------------------------------------------------------------------------------
Current Price: $300.98 | ATR: $8.35
BUY ZONE: $274.83 - $283.69 | Distance: $17.29 (207% ATR)
SELL ZONE: $277.17 - $291.57 | Distance: $9.41
R:R RATIO: 1:-0.91 | SL: $26.15 | PT: $-23.81

336. WAT
----------------------------------------------------------------------------------------------------
Current Price: $427.35 | ATR: $13.75
BUY ZONE: $370.40 - $385.00 | Distance: $42.35 (308% ATR)
SELL ZONE: $402.83 - $418.56 | Distance: $8.79
R:R RATIO: 1:-0.43 | SL: $56.95 | PT: $-24.52

337. WBD
----------------------------------------------------------------------------------------------------
Current Price: $28.19 | ATR: $0.52
BUY ZONE: $27.73 - $28.18 | Distance: $0.01 (2% ATR)
SELL ZONE: $28.30 - $28.77 | Distance: $0.11
R:R RATIO: 1:0.24 | SL: $0.46 | PT: $0.11

338. WDAY
----------------------------------------------------------------------------------------------------
Current Price: $197.51 | ATR: $10.16
BUY ZONE: $183.53 - $188.06 | Distance: $9.45 (93% ATR)
SELL ZONE: $183.53 - $206.94 | Distance: $0.00
R:R RATIO: 1:-1.00 | SL: $13.98 | PT: $-13.98

339. WDC
----------------------------------------------------------------------------------------------------
Current Price: $491.35 | ATR: $53.56
BUY ZONE: $456.75 - $495.49 | Distance: $0.00 (0% ATR)
SELL ZONE: $464.54 - $495.49 | Distance: $0.00
R:R RATIO: 1:-0.77 | SL: $34.60 | PT: $-26.81

340. WELL
----------------------------------------------------------------------------------------------------
Current Price: $252.00 | ATR: $5.35
BUY ZONE: $234.28 - $240.35 | Distance: $11.65 (218% ATR)
SELL ZONE: $234.72 - $240.35 | Distance: $11.65
R:R RATIO: 1:-0.98 | SL: $17.72 | PT: $-17.28

341. WM
----------------------------------------------------------------------------------------------------
Current Price: $226.28 | ATR: $4.87
BUY ZONE: $212.22 - $215.10 | Distance: $11.18 (230% ATR)
SELL ZONE: $216.50 - $221.95 | Distance: $4.33
R:R RATIO: 1:-0.70 | SL: $14.06 | PT: $-9.78

342. WMB
----------------------------------------------------------------------------------------------------
Current Price: $73.22 | ATR: $1.92
BUY ZONE: $69.60 - $71.49 | Distance: $1.73 (90% ATR)
SELL ZONE: $73.75 - $78.48 | Distance: $0.53
R:R RATIO: 1:0.15 | SL: $3.62 | PT: $0.53

343. WMT
----------------------------------------------------------------------------------------------------
Current Price: $106.15 | ATR: $2.60
BUY ZONE: $104.66 - $106.64 | Distance: $0.00 (0% ATR)
SELL ZONE: $105.16 - $109.23 | Distance: $0.00
R:R RATIO: 1:-0.66 | SL: $1.49 | PT: $-0.99

344. WRB
----------------------------------------------------------------------------------------------------
Current Price: $70.73 | ATR: $1.47
BUY ZONE: $67.36 - $68.48 | Distance: $2.25 (153% ATR)
SELL ZONE: $69.18 - $71.28 | Distance: $0.00
R:R RATIO: 1:-0.46 | SL: $3.37 | PT: $-1.55

345. WSM
----------------------------------------------------------------------------------------------------
Current Price: $239.21 | ATR: $6.54
BUY ZONE: $214.19 - $221.90 | Distance: $17.31 (265% ATR)
SELL ZONE: $225.06 - $230.90 | Distance: $8.31
R:R RATIO: 1:-0.57 | SL: $25.02 | PT: $-14.15

346. WST
----------------------------------------------------------------------------------------------------
Current Price: $347.82 | ATR: $10.47
BUY ZONE: $325.27 - $336.71 | Distance: $11.11 (106% ATR)
SELL ZONE: $337.85 - $346.00 | Distance: $1.82
R:R RATIO: 1:-0.44 | SL: $22.55 | PT: $-9.97

347. WTW
----------------------------------------------------------------------------------------------------
Current Price: $336.02 | ATR: $9.06
BUY ZONE: $307.80 - $343.33 | Distance: $0.00 (0% ATR)
SELL ZONE: $324.65 - $340.23 | Distance: $0.00
R:R RATIO: 1:-0.40 | SL: $28.22 | PT: $-11.37

348. XEL
----------------------------------------------------------------------------------------------------
Current Price: $75.89 | ATR: $1.67
BUY ZONE: $74.71 - $76.63 | Distance: $0.00 (0% ATR)
SELL ZONE: $75.42 - $77.06 | Distance: $0.00
R:R RATIO: 1:-0.40 | SL: $1.18 | PT: $-0.47

349. XLB
----------------------------------------------------------------------------------------------------
Current Price: $50.92 | ATR: $0.92
BUY ZONE: $50.20 - $51.04 | Distance: $0.00 (0% ATR)
SELL ZONE: $50.58 - $52.58 | Distance: $0.00
R:R RATIO: 1:-0.47 | SL: $0.72 | PT: $-0.34

350. XLF
----------------------------------------------------------------------------------------------------
Current Price: $57.44 | ATR: $0.66
BUY ZONE: $56.69 - $57.33 | Distance: $0.11 (17% ATR)
SELL ZONE: $56.73 - $57.82 | Distance: $0.00
R:R RATIO: 1:-0.95 | SL: $0.75 | PT: $-0.71

351. XLI
----------------------------------------------------------------------------------------------------
Current Price: $172.42 | ATR: $2.96
BUY ZONE: $170.00 - $171.71 | Distance: $0.71 (24% ATR)
SELL ZONE: $174.27 - $175.78 | Distance: $1.85
R:R RATIO: 1:0.76 | SL: $2.42 | PT: $1.85

352. XLK
----------------------------------------------------------------------------------------------------
Current Price: $187.35 | ATR: $5.44
BUY ZONE: $178.81 - $183.02 | Distance: $4.33 (80% ATR)
SELL ZONE: $189.25 - $191.75 | Distance: $1.90
R:R RATIO: 1:0.22 | SL: $8.54 | PT: $1.90

353. XLP
----------------------------------------------------------------------------------------------------
Current Price: $83.49 | ATR: $1.52
BUY ZONE: $82.77 - $83.33 | Distance: $0.16 (11% ATR)
SELL ZONE: $86.25 - $87.01 | Distance: $2.76
R:R RATIO: 1:3.83 | SL: $0.72 | PT: $2.76

354. XLU
----------------------------------------------------------------------------------------------------
Current Price: $42.74 | ATR: $0.78
BUY ZONE: $41.86 - $42.56 | Distance: $0.18 (23% ATR)
SELL ZONE: $42.51 - $43.53 | Distance: $0.00
R:R RATIO: 1:-0.26 | SL: $0.88 | PT: $-0.23

355. XLV
----------------------------------------------------------------------------------------------------
Current Price: $167.16 | ATR: $2.91
BUY ZONE: $165.58 - $167.41 | Distance: $0.00 (0% ATR)
SELL ZONE: $166.39 - $168.75 | Distance: $0.00
R:R RATIO: 1:-0.49 | SL: $1.58 | PT: $-0.77

356. XLY
----------------------------------------------------------------------------------------------------
Current Price: $113.09 | ATR: $2.12
BUY ZONE: $108.29 - $111.36 | Distance: $1.73 (82% ATR)
SELL ZONE: $114.25 - $117.06 | Distance: $1.16
R:R RATIO: 1:0.24 | SL: $4.80 | PT: $1.16

357. XYZ
----------------------------------------------------------------------------------------------------
Current Price: $79.86 | ATR: $2.69
BUY ZONE: $75.73 - $77.93 | Distance: $1.93 (72% ATR)
SELL ZONE: $81.85 - $84.56 | Distance: $1.99
R:R RATIO: 1:0.48 | SL: $4.13 | PT: $1.99

358. ZBH
----------------------------------------------------------------------------------------------------
Current Price: $93.25 | ATR: $2.97
BUY ZONE: $90.27 - $92.38 | Distance: $0.87 (29% ATR)
SELL ZONE: $91.45 - $95.73 | Distance: $0.00
R:R RATIO: 1:-0.60 | SL: $2.98 | PT: $-1.80

359. ZBRA
----------------------------------------------------------------------------------------------------
Current Price: $367.45 | ATR: $15.68
BUY ZONE: $254.10 - $265.62 | Distance: $101.83 (649% ATR)
SELL ZONE: $351.04 - $369.00 | Distance: $0.00
R:R RATIO: 1:-0.14 | SL: $113.35 | PT: $-16.41

360. ZTS
----------------------------------------------------------------------------------------------------
Current Price: $77.44 | ATR: $2.82
BUY ZONE: $71.00 - $73.61 | Distance: $3.83 (136% ATR)
SELL ZONE: $73.09 - $75.10 | Distance: $2.34
R:R RATIO: 1:-0.68 | SL: $6.44 | PT: $-4.35


====================================================================================================
FINAL SUMMARY
====================================================================================================

Completed: 2026-09-11 06:34:30
Total Stocks Scanned: 541
Stocks with Zones: 360
Actionable Setups (within 1 ATR): 102

====================================================================================================
ZONE SCANNER - TRADING OPPORTUNITY REPORT
Generated: 2026-09-11 06:34:30
====================================================================================================

Total Stocks Scanned: 541
Stocks with Zones: 360
Actionable Setups (within 1 ATR): 102

Average R:R Ratio:          1:-0.30
Average ATR:                $9.79
Average Demand Zone Size:   $12.86
Average Supply Zone Size:   $10.24
